[
  {
    "id": "e193e7428c2142f4",
    "term": "Pantalón",
    "meaning": "Pants",
    "pron": "pahn-tah-lohn",
    "group": "Clothing",
    "subgroup": "",
    "deckId": "deck_16ed3bae",
    "isUserCreated": true,
    "createdAt": 1769269337,
    "updatedAt": 1769269337
  },
  {
    "id": "f6309759198e4565",
    "term": "Sombrero",
    "meaning": "Hat",
    "pron": "sohm-breh-roh",
    "group": "Clothing",
    "subgroup": "",
    "deckId": "deck_16ed3bae",
    "isUserCreated": true,
    "createdAt": 1769269337,
    "updatedAt": 1769269337
  },
  {
    "id": "a049acdcd5da4180",
    "term": "Calcetines",
    "meaning": "Socks",
    "pron": "kahl-seh-tee-nes",
    "group": "Clothing",
    "subgroup": "",
    "deckId": "deck_16ed3bae",
    "isUserCreated": true,
    "createdAt": 1769269337,
    "updatedAt": 1769269337
  },
  {
    "id": "be246c0155bc4701",
    "term": "Reloj",
    "meaning": "Watch",
    "pron": "reh-loh",
    "group": "Objects",
    "subgroup": "",
    "deckId": "deck_16ed3bae",
    "isUserCreated": true,
    "createdAt": 1769269337,
    "updatedAt": 1769269337
  },
  {
    "id": "9d1e9a08b125432b",
    "term": "Teléfono",
    "meaning": "Phone",
    "pron": "teh-leh-foh-noh",
    "group": "Objects",
    "subgroup": "",
    "deckId": "deck_16ed3bae",
    "isUserCreated": true,
    "createdAt": 1769269337,
    "updatedAt": 1769269337
  },
  {
    "id": "4af8d63dc9d54fc9",
    "term": "Computadora",
    "meaning": "Computer",
    "pron": "kohm-poo-tah-doh-rah",
    "group": "Objects",
    "subgroup": "",
    "deckId": "deck_16ed3bae",
    "isUserCreated": true,
    "createdAt": 1769269337,
    "updatedAt": 1769269337
  },
  {
    "id": "48170d225c2349fd",
    "term": "Cuaderno",
    "meaning": "Notebook",
    "pron": "kwah-dehr-noh",
    "group": "School",
    "subgroup": "",
    "deckId": "deck_16ed3bae",
    "isUserCreated": true,
    "createdAt": 1769269337,
    "updatedAt": 1769269337
  },
  {
    "id": "7e398596baf64f04",
    "term": "Lápiz",
    "meaning": "Pencil",
    "pron": "lah-pees",
    "group": "School",
    "subgroup": "",
    "deckId": "deck_16ed3bae",
    "isUserCreated": true,
    "createdAt": 1769269337,
    "updatedAt": 1769269337
  },
  {
    "id": "e44213bfe22746ef",
    "term": "Bolígrafo",
    "meaning": "Pen",
    "pron": "boh-lee-grah-foh",
    "group": "School",
    "subgroup": "",
    "deckId": "deck_16ed3bae",
    "isUserCreated": true,
    "createdAt": 1769269337,
    "updatedAt": 1769269337
  },
  {
    "id": "8cb910c2299a496d",
    "term": "Borrador",
    "meaning": "Eraser",
    "pron": "boh-rrah-dohr",
    "group": "School",
    "subgroup": "",
    "deckId": "deck_16ed3bae",
    "isUserCreated": true,
    "createdAt": 1769269337,
    "updatedAt": 1769269337
  },
  {
    "id": "07dc5f112826497f",
    "term": "Pegamento",
    "meaning": "Glue",
    "pron": "peh-gah-men-toh",
    "group": "School",
    "subgroup": "",
    "deckId": "deck_16ed3bae",
    "isUserCreated": true,
    "createdAt": 1769269337,
    "updatedAt": 1769269337
  },
  {
    "id": "58b76fd011474a5c",
    "term": "Cuchara",
    "meaning": "Spoon",
    "pron": "koo-chah-rah",
    "group": "Kitchen",
    "subgroup": "",
    "deckId": "deck_16ed3bae",
    "isUserCreated": true,
    "createdAt": 1769269337,
    "updatedAt": 1769269337
  },
  {
    "id": "8ed08ab6edd34f21",
    "term": "Tenedor",
    "meaning": "Fork",
    "pron": "teh-neh-dohr",
    "group": "Kitchen",
    "subgroup": "",
    "deckId": "deck_16ed3bae",
    "isUserCreated": true,
    "createdAt": 1769269338,
    "updatedAt": 1769269338
  },
  {
    "id": "315a461459e548ca",
    "term": "Cuchillo",
    "meaning": "Knife",
    "pron": "koo-chee-yoh",
    "group": "Kitchen",
    "subgroup": "",
    "deckId": "deck_16ed3bae",
    "isUserCreated": true,
    "createdAt": 1769269338,
    "updatedAt": 1769269338
  },
  {
    "id": "cc25c87ced6c40f4",
    "term": "Plato",
    "meaning": "Plate",
    "pron": "plah-toh",
    "group": "Kitchen",
    "subgroup": "",
    "deckId": "deck_16ed3bae",
    "isUserCreated": true,
    "createdAt": 1769269338,
    "updatedAt": 1769269338
  },
  {
    "id": "975395df9e5f4193",
    "term": "Vaso",
    "meaning": "Glass",
    "pron": "vah-soh",
    "group": "Kitchen",
    "subgroup": "",
    "deckId": "deck_16ed3bae",
    "isUserCreated": true,
    "createdAt": 1769269338,
    "updatedAt": 1769269338
  },
  {
    "id": "82f13b86b0034d1a",
    "term": "Papá",
    "meaning": "Dad",
    "pron": "pah-pah",
    "group": "Family",
    "subgroup": "",
    "deckId": "deck_16ed3bae",
    "isUserCreated": true,
    "createdAt": 1769269338,
    "updatedAt": 1769269338
  },
  {
    "id": "e72c7f10ba9f4746",
    "term": "Mamá",
    "meaning": "Mom",
    "pron": "mah-mah",
    "group": "Family",
    "subgroup": "",
    "deckId": "deck_16ed3bae",
    "isUserCreated": true,
    "createdAt": 1769269338,
    "updatedAt": 1769269338
  },
  {
    "id": "15c9461671954d99",
    "term": "Hermano",
    "meaning": "Brother",
    "pron": "ehr-mah-noh",
    "group": "Family",
    "subgroup": "",
    "deckId": "deck_16ed3bae",
    "isUserCreated": true,
    "createdAt": 1769269338,
    "updatedAt": 1769269338
  },
  {
    "id": "4fdda77b900b4517",
    "term": "Hermana",
    "meaning": "Sister",
    "pron": "ehr-mah-nah",
    "group": "Family",
    "subgroup": "",
    "deckId": "deck_16ed3bae",
    "isUserCreated": true,
    "createdAt": 1769269338,
    "updatedAt": 1769269338
  },
  {
    "id": "2bdf5a24ed9e4f9f",
    "term": "Abuelo",
    "meaning": "Grandfather",
    "pron": "ah-bweh-loh",
    "group": "Family",
    "subgroup": "",
    "deckId": "deck_16ed3bae",
    "isUserCreated": true,
    "createdAt": 1769269338,
    "updatedAt": 1769269338
  },
  {
    "id": "bd7dc8c384174b40",
    "term": "Abuela",
    "meaning": "Grandmother",
    "pron": "ah-bweh-lah",
    "group": "Family",
    "subgroup": "",
    "deckId": "deck_16ed3bae",
    "isUserCreated": true,
    "createdAt": 1769269338,
    "updatedAt": 1769269338
  }
]