[
  {
    "id": "kenpo",
    "name": "Kenpo Vocabulary",
    "description": "Korean martial arts terminology for Kenpo students",
    "isDefault": false,
    "isBuiltIn": true,
    "sourceFile": "kenpo_words.json",
    "cardCount": 88,
    "createdAt": 0,
    "updatedAt": 0
  },
  {
    "id": "deck_7bb3a7af",
    "name": "Basic Spanish Words 3rd Grade Level",
    "description": "Basic Spanish Words 3rd Grade Level",
    "isDefault": true,
    "isBuiltIn": false,
    "sourceFile": null,
    "cardCount": 0,
    "createdAt": 1769270478,
    "updatedAt": 1769270478
  }
]