[
  {
    "group": "Numbers",
    "subgroup": null,
    "term": "Itchi",
    "pron": "itch",
    "meaning": "Number 1"
  },
  {
    "group": "Numbers",
    "subgroup": null,
    "term": "Ni",
    "pron": "nee",
    "meaning": "Number 2"
  },
  {
    "group": "Numbers",
    "subgroup": null,
    "term": "San",
    "pron": "sahn",
    "meaning": "Number 3"
  },
  {
    "group": "Numbers",
    "subgroup": null,
    "term": "Shi",
    "pron": "shee",
    "meaning": "Number 4"
  },
  {
    "group": "Numbers",
    "subgroup": null,
    "term": "Go",
    "pron": "goh",
    "meaning": "Number 5"
  },
  {
    "group": "Numbers",
    "subgroup": null,
    "term": "Roku",
    "pron": "roh-koo",
    "meaning": "Number 6"
  },
  {
    "group": "Numbers",
    "subgroup": null,
    "term": "Shichi",
    "pron": "shee-chee",
    "meaning": "Number 7"
  },
  {
    "group": "Numbers",
    "subgroup": null,
    "term": "Hachi",
    "pron": "hah-chee",
    "meaning": "Number 8"
  },
  {
    "group": "Numbers",
    "subgroup": null,
    "term": "Ku",
    "pron": "koo",
    "meaning": "Number 9"
  },
  {
    "group": "Numbers",
    "subgroup": null,
    "term": "Ju",
    "pron": "joo",
    "meaning": "Number 10"
  },
  {
    "group": "Titles",
    "subgroup": "Honorifics & roles",
    "term": "Shihan",
    "pron": "shee-han",
    "meaning": "Title meaning master"
  },
  {
    "group": "Titles",
    "subgroup": "Honorifics & roles",
    "term": "Sensei",
    "pron": "sen-say",
    "meaning": "Title meaning instructor"
  },
  {
    "group": "Titles",
    "subgroup": "Honorifics & roles",
    "term": "San",
    "pron": "sahn",
    "meaning": "Title meaning honorable"
  },
  {
    "group": "Titles",
    "subgroup": "Black belt degrees",
    "term": "Shodan",
    "pron": "shoh-dahn",
    "meaning": "1st Degree Black Belt"
  },
  {
    "group": "Titles",
    "subgroup": "Black belt degrees",
    "term": "Nidan",
    "pron": "nee-dahn",
    "meaning": "2nd Degree Black Belt"
  },
  {
    "group": "Titles",
    "subgroup": "Black belt degrees",
    "term": "Sandan",
    "pron": "sawn-dahn",
    "meaning": "3rd Degree Black Belt"
  },
  {
    "group": "Titles",
    "subgroup": "Black belt degrees",
    "term": "Yondon",
    "pron": "yon-dahn",
    "meaning": "4th Degree Black Belt"
  },
  {
    "group": "Titles",
    "subgroup": "Black belt degrees",
    "term": "Godan",
    "pron": "go-dahn",
    "meaning": "5th Degree Black Belt"
  },
  {
    "group": "Titles",
    "subgroup": "Black belt degrees",
    "term": "Rokudan",
    "pron": "roh-koo-dahn",
    "meaning": "6th Degree Black Belt"
  },
  {
    "group": "Titles",
    "subgroup": "Black belt degrees",
    "term": "Shichidan",
    "pron": "shee-chee-dahn",
    "meaning": "7th Degree Black Belt"
  },
  {
    "group": "Titles",
    "subgroup": "Black belt degrees",
    "term": "Hachidan",
    "pron": "hah-chee-dahn",
    "meaning": "8th Degree Black Belt"
  },
  {
    "group": "Titles",
    "subgroup": "Black belt degrees",
    "term": "Kudan",
    "pron": "koo-dahn",
    "meaning": "9th Degree Black Belt"
  },
  {
    "group": "Titles",
    "subgroup": "Black belt degrees",
    "term": "Judan",
    "pron": "joo-dahn",
    "meaning": "10th Degree Black Belt"
  },
  {
    "group": "Titles",
    "subgroup": "Honorifics & roles",
    "term": "Sifu",
    "pron": "see-foo",
    "meaning": "Kung Fu Instructor"
  },
  {
    "group": "Titles",
    "subgroup": "Honorifics & roles",
    "term": "Soke",
    "pron": "soh-keh",
    "meaning": "Title meaning founder"
  },
  {
    "group": "Titles",
    "subgroup": "Honorifics & roles",
    "term": "Roshi",
    "pron": "roh-shee",
    "meaning": "Old Master Teacher"
  },
  {
    "group": "Titles",
    "subgroup": "Honorifics & roles",
    "term": "Senpai",
    "pron": "sen-pie",
    "meaning": "Senior Jr Black Belt"
  },
  {
    "group": "Titles",
    "subgroup": "Honorifics & roles",
    "term": "Koshi",
    "pron": "koh-shee",
    "meaning": "Jr Black Belt"
  },
  {
    "group": "Titles",
    "subgroup": "Honorifics & roles",
    "term": "Renshi",
    "pron": "ren-shee",
    "meaning": "Polished Instructor"
  },
  {
    "group": "Titles",
    "subgroup": "Honorifics & roles",
    "term": "Kyoshi",
    "pron": "kee-oh-shee",
    "meaning": "Teacher of teachers; Master Teacher"
  },
  {
    "group": "Titles",
    "subgroup": "Honorifics & roles",
    "term": "Hanshi",
    "pron": "hahn-shee",
    "meaning": "Senior Master; Master of the house"
  },
  {
    "group": "Titles",
    "subgroup": "Honorifics & roles",
    "term": "Professor",
    "pron": null,
    "meaning": "Founder; Master; Instructor; Highest Teacher"
  },
  {
    "group": "Weapons",
    "subgroup": "Blades",
    "term": "Kama",
    "pron": "kah-mah",
    "meaning": "Weapon Similar to Small Scythe"
  },
  {
    "group": "Weapons",
    "subgroup": "Staffs",
    "term": "Bo",
    "pron": "boh",
    "meaning": "Six Foot Staff"
  },
  {
    "group": "Weapons",
    "subgroup": "Staffs",
    "term": "Jo",
    "pron": "joh",
    "meaning": "Four Foot Staff"
  },
  {
    "group": "Weapons",
    "subgroup": "Staffs",
    "term": "Quan",
    "pron": "kwan",
    "meaning": "Chinese Bo Bamboo"
  },
  {
    "group": "Weapons",
    "subgroup": "Blades",
    "term": "Katana",
    "pron": "kah-tah-nah",
    "meaning": "Samurai's Long Sword"
  },
  {
    "group": "Weapons",
    "subgroup": "Blades",
    "term": "Wakizashi",
    "pron": "wah-kee-zah-shee",
    "meaning": "Samurai's Short Sword"
  },
  {
    "group": "Weapons",
    "subgroup": "Blades",
    "term": "Tanto",
    "pron": "than-toh",
    "meaning": "Samurai's Knife"
  },
  {
    "group": "Weapons",
    "subgroup": "Other / chain / throwing",
    "term": "Nunchuku",
    "pron": "nun-chuck",
    "meaning": "Stringed or Chained Weapon"
  },
  {
    "group": "Weapons",
    "subgroup": "Other / chain / throwing",
    "term": "Sai",
    "pron": "sah-ee",
    "meaning": "Three Pronged Metal Weapon"
  },
  {
    "group": "Weapons",
    "subgroup": "Other / chain / throwing",
    "term": "Shuriken",
    "pron": "shoo-ree-ken",
    "meaning": "Throwing Stars"
  },
  {
    "group": "Martial Arts",
    "subgroup": null,
    "term": "Karate",
    "pron": "kah-rah-tay",
    "meaning": "Empty Hand"
  },
  {
    "group": "Martial Arts",
    "subgroup": null,
    "term": "Kenpo",
    "pron": "ken-poh",
    "meaning": "Law of the Fist"
  },
  {
    "group": "Martial Arts",
    "subgroup": null,
    "term": "Aikido",
    "pron": "ah-ee-kee-doh",
    "meaning": "Harmony Spirit Way"
  },
  {
    "group": "Martial Arts",
    "subgroup": null,
    "term": "Tae Kwan Do",
    "pron": "tah-ee-kwon-doh",
    "meaning": "Hands and Feet Way"
  },
  {
    "group": "Martial Arts",
    "subgroup": null,
    "term": "Hapkido",
    "pron": "hop-kee-doh",
    "meaning": "Coordination/Energy Way"
  },
  {
    "group": "Martial Arts",
    "subgroup": null,
    "term": "Kung Fu",
    "pron": "kung-foo",
    "meaning": "Time and Energy"
  },
  {
    "group": "Martial Arts",
    "subgroup": null,
    "term": "Jiu-Jitsu",
    "pron": "joo-jit-soo",
    "meaning": "Gentle Art"
  },
  {
    "group": "Martial Arts",
    "subgroup": null,
    "term": "Kajukenbo",
    "pron": "kah-joo-ken-boh",
    "meaning": "Thru this Fist Style"
  },
  {
    "group": "Martial Arts",
    "subgroup": null,
    "term": "Sambo",
    "pron": "som-bow",
    "meaning": "Self Defense Without Weapons"
  },
  {
    "group": "Martial Arts",
    "subgroup": null,
    "term": "Jeet Kune Do",
    "pron": null,
    "meaning": "Way of Intercepting Fist"
  },
  {
    "group": "Martial Arts",
    "subgroup": null,
    "term": "Krav Maga",
    "pron": "krov-ma'ga",
    "meaning": "Contact Combat"
  },
  {
    "group": "Martial Arts",
    "subgroup": null,
    "term": "Kenju-Ryu",
    "pron": null,
    "meaning": "Kenpo Jiu-Jitsu Style"
  },
  {
    "group": "Martial Arts",
    "subgroup": null,
    "term": "Kali",
    "pron": "kah-lee",
    "meaning": "Weapon Based Fighting with Knives+ Sticks"
  },
  {
    "group": "Martial Arts",
    "subgroup": null,
    "term": "Kenjitsu",
    "pron": "ken-jet-soo",
    "meaning": "Methods, Techniques, and The Art of Japanese Sword"
  },
  {
    "group": "Martial Arts",
    "subgroup": null,
    "term": "Judo",
    "pron": "joo-doh",
    "meaning": "Sport of Unarmed Combat"
  },
  {
    "group": "Words",
    "subgroup": "Gear/place",
    "term": "Dojo",
    "pron": "doh-joh",
    "meaning": "Training Hall"
  },
  {
    "group": "Words",
    "subgroup": "People/roles",
    "term": "Uke",
    "pron": "oo-kay",
    "meaning": "Person Receiving a Technique"
  },
  {
    "group": "Words",
    "subgroup": "People/roles",
    "term": "Tore",
    "pron": "toh-ray",
    "meaning": "Person Performing a Technique"
  },
  {
    "group": "Words",
    "subgroup": "Gear/place",
    "term": "Gi",
    "pron": "gee (hard \"g\")",
    "meaning": "Karate Uniform"
  },
  {
    "group": "Words",
    "subgroup": "Gear/place",
    "term": "Obi",
    "pron": "oh-bee",
    "meaning": "Karate Belt"
  },
  {
    "group": "Words",
    "subgroup": "Practice/structure",
    "term": "Kata",
    "pron": "kah-tah",
    "meaning": "Form or Pre-Arranged Movement"
  },
  {
    "group": "Words",
    "subgroup": "Practice/structure",
    "term": "Kumite",
    "pron": "koo-mee-tay",
    "meaning": "Free Fighting"
  },
  {
    "group": "Words",
    "subgroup": "Practice/structure",
    "term": "Kyu",
    "pron": "kyoo",
    "meaning": "Class Order of Colored Ranks"
  },
  {
    "group": "Words",
    "subgroup": "People/roles",
    "term": "Karateka",
    "pron": "kah-rah-tay-kah",
    "meaning": "Karate Student"
  },
  {
    "group": "Words",
    "subgroup": "Gear/place",
    "term": "Tatami",
    "pron": "tah-tah-mee",
    "meaning": "Mat"
  },
  {
    "group": "Words",
    "subgroup": "Misc.",
    "term": "Doche/Shey-Shey",
    "pron": "doh-chay/shay-shay",
    "meaning": "Thank You"
  },
  {
    "group": "Words",
    "subgroup": "Gear/place",
    "term": "Seiza",
    "pron": "say-zah",
    "meaning": "Kneeling Position"
  },
  {
    "group": "Words",
    "subgroup": "Gear/place",
    "term": "Kwoon",
    "pron": "kw-oon",
    "meaning": "Kung Fu School"
  },
  {
    "group": "Words",
    "subgroup": "Concepts",
    "term": "Do",
    "pron": "doh",
    "meaning": "Way of Enlightenment"
  },
  {
    "group": "Words",
    "subgroup": "Concepts",
    "term": "Shin",
    "pron": "sh-in",
    "meaning": "Spirit-Mind Inspiration"
  },
  {
    "group": "Words",
    "subgroup": "Practice/structure",
    "term": "Wasa",
    "pron": "wah-sah",
    "meaning": "Technique"
  },
  {
    "group": "Words",
    "subgroup": "Concepts",
    "term": "Ki",
    "pron": "key",
    "meaning": "Internal Energy"
  },
  {
    "group": "Words",
    "subgroup": "Concepts",
    "term": "Ai",
    "pron": "ah-ee",
    "meaning": "Breathe"
  },
  {
    "group": "Words",
    "subgroup": "Concepts",
    "term": "Budo",
    "pron": "boo-doh",
    "meaning": "The Martial Arts"
  },
  {
    "group": "Words",
    "subgroup": "Concepts",
    "term": "Kendo",
    "pron": "ken-doh",
    "meaning": "Way of Swordsmanship"
  },
  {
    "group": "Words",
    "subgroup": "Concepts",
    "term": "Kyudo",
    "pron": "kyoo-doh",
    "meaning": "Way of Archery"
  },
  {
    "group": "Words",
    "subgroup": "Practice/structure",
    "term": "Ryu",
    "pron": "ree-yoo",
    "meaning": "School or Style"
  },
  {
    "group": "Words",
    "subgroup": "Concepts",
    "term": "Kiai",
    "pron": "kee-ah-ee",
    "meaning": "Loud Shoot Focusing Power"
  },
  {
    "group": "Words",
    "subgroup": "Weapons systems",
    "term": "Escrima",
    "pron": "eh-scream-ah",
    "meaning": "Weapon based fighting with sticks"
  },
  {
    "group": "Words",
    "subgroup": "Misc.",
    "term": "Arigato",
    "pron": "ah-ree-gah-toh",
    "meaning": "Japanese for \"thank you\""
  },
  {
    "group": "Directions & Safety",
    "subgroup": null,
    "term": "Ukime",
    "pron": "oo-kee-may",
    "meaning": "Shoulder Roll/Break Fall"
  },
  {
    "group": "Directions & Safety",
    "subgroup": null,
    "term": "Migi",
    "pron": "mee-gee",
    "meaning": "Right Side"
  },
  {
    "group": "Directions & Safety",
    "subgroup": null,
    "term": "Hidari",
    "pron": "hee-dah-ree",
    "meaning": "Left Side"
  },
  {
    "group": "Directions & Safety",
    "subgroup": null,
    "term": "Maitte",
    "pron": "ma-tay",
    "meaning": "I surrender"
  },
  {
    "group": "Strikes",
    "subgroup": null,
    "term": "Shuto",
    "pron": "shoo-toh",
    "meaning": "Hand Swod Strike"
  },
  {
    "group": "Strikes",
    "subgroup": null,
    "term": "Shotei",
    "pron": "shoh-tay",
    "meaning": "Palm Heel Strike"
  }
]