[
  {
    "id": "kenpo",
    "name": "Kenpo Vocabulary",
    "description": "Korean martial arts terminology for Kenpo students",
    "isDefault": true,
    "isBuiltIn": true,
    "sourceFile": "kenpo_words.json",
    "cardCount": 88,
    "createdAt": 0,
    "updatedAt": 0
  },
  {
    "id": "deck_6dca9e1a",
    "name": "Basic Spanish Words",
    "description": "I want to learn spanish",
    "isDefault": false,
    "isBuiltIn": false,
    "sourceFile": null,
    "cardCount": 0,
    "createdAt": 1769222082,
    "updatedAt": 1769222082
  }
]