{
  "users": {
    "1cc70e61cd9e": {
      "username": "Sidscri",
      "password_hash": "scrypt:32768:8:1$ozmbP5fYqqYZU3bY$4ffa9fcd770ddcb0b892c1709577ad141e7227266eb756771865fe4baae46230a635c45e67e65d1673baa7ef9860317f74a166987986f9fc31189341d8d7ee09",
      "display_name": "Sidney Shelton",
      "created_at": "2026-01-06 09:36:27"
    },
    "94b9dd732eef": {
      "username": "John Smith",
      "password_hash": "scrypt:32768:8:1$OvI4dXxBwBuyzvST$cfeeed6b7a0ad760173742d37e7e8580018b49799c12e7bfaa707b3897aa90c22bd6d8605e36fb38199aa75f253db3c98416d7a9e9830fa8d9603bb56f4f5353",
      "display_name": "John Smith",
      "created_at": "2026-01-06 11:30:10"
    },
    "ecfdfe5da7ee": {
      "username": "Lilia.shelton",
      "password_hash": "scrypt:32768:8:1$2bgrCeO3vEjD2f9N$e54505635a536a54579ae6fac6039d98354ee0639f0ee3dd47c8628d4dd6a90004097aff77f7c3e3a40d97bef81c6ccc147585ed08700c662535b30476bded83",
      "display_name": "Anything",
      "created_at": "2026-01-06 12:49:15"
    }
  }
}