{
  "version": "a2d5ceb0a598",
  "kenpo_mtime": 1769291178.514061,
  "generated_at": 1769303854,
  "term_to_id": {
    "itchi": "88419a9e69042c12",
    "ni": "935027a8797ce67e",
    "san": [
      "7497a956b781b67d",
      "745064c1815cc78e"
    ],
    "shi": "3a788934c669e816",
    "go": "1c324435d2713154",
    "roku": "277e21bb5f4b311a",
    "shichi": "225293b8e0ff790a",
    "hachi": "b8771015ea1fbfcc",
    "ku": "ed7a86038084ef85",
    "ju": "1101ec7e78c78247",
    "shihan": "1bde053fd73a559a",
    "sensei": "de85f8d53f98c66c",
    "shodan": "8ac07750b48b0f35",
    "nidan": "71ced82e5e2bd602",
    "sandan": "5ec648c26d3ab19f",
    "yondon": "1ac2bf8de9f168a5",
    "godan": "c721cb154098accd",
    "rokudan": "76872f1fb094932d",
    "shichidan": "1750eca8e16561dc",
    "hachidan": "f5f0f42525e9542d",
    "kudan": "b6405a8bc23691ae",
    "judan": "6c13eb65950715e0",
    "sifu": "db4fca1ad62f88e1",
    "soke": "7560dd1bd1799718",
    "roshi": "842d4de5fa1168f8",
    "senpai": "51c709993587ad78",
    "koshi": "6ca7648b8fbe21b0",
    "renshi": "10022d13ea8d72bb",
    "kyoshi": "fd0e7a7f91ff997a",
    "hanshi": "5ec0d2a43188c690",
    "professor": "9189ddd17e5d429d",
    "kama": "22734091653ce983",
    "bo": "8364d85be4935424",
    "jo": "1689ee4b783e3048",
    "quan": "4f2a53f8e2547344",
    "katana": "ef60a03c0da7417b",
    "wakizashi": "6b0cc9bcd7d876f1",
    "tanto": "ac53458765001d4b",
    "nunchuku": "534850042b25321f",
    "sai": "f434be51c15b93f0",
    "shuriken": "f56fca7803410eec",
    "karate": "fe2fb19efc31fbf3",
    "kenpo": "12133d4687b44f14",
    "aikido": "c94f5f15a0de03fe",
    "tae kwan do": "1f54b232485bd93a",
    "hapkido": "3267dcc5989a38c0",
    "kung fu": "214cae0d7725160a",
    "jiu-jitsu": "a2eaa61beda7618e",
    "kajukenbo": "ab0def62f1807bcd",
    "sambo": "941bf9c41663b266",
    "jeet kune do": "db327b3b177e7a70",
    "krav maga": "a5b849774d7f4459",
    "kenju-ryu": "e8d97cbafd0c1fde",
    "kali": "9cc94a39c2dddfcd",
    "kenjitsu": "c38ebd59d00a1e63",
    "judo": "83df698c061852c1",
    "dojo": "bfd7d02a12e4e6d4",
    "uke": "3f494924f2a38706",
    "tore": "36b0c1f785ce7f65",
    "gi": "1278c0a21310e9f6",
    "obi": "adb3772e8a210866",
    "kata": "5fa98671708a49c5",
    "kumite": "4bb13345ea9f5a15",
    "kyu": "78655682e96f0bf2",
    "karateka": "884fae3e24ea2697",
    "tatami": "de456f6c2e5ea8bc",
    "doche/shey-shey": "f126b44a16512d2a",
    "seiza": "776b54380d2d5eb3",
    "kwoon": "b5177cca709356bb",
    "do": "20db345db2f64722",
    "shin": "e692a17cc02eb164",
    "wasa": "1625a8cd030fc0dd",
    "ki": "f012b3c54c8b8bc6",
    "ai": "3de707f53b16f6d0",
    "budo": "49d89b0f0183ff86",
    "kendo": "0ba2ba8716bdb0f0",
    "kyudo": "14d51c1c9ca017e5",
    "ryu": "4d5d058d8836facb",
    "kiai": "c9044ca5e03d9766",
    "escrima": "1a123cb6e31d01f1",
    "arigato": "524eac384d3bb313",
    "ukime": "65d2d928917024ba",
    "migi": "b71af08fdb894ff7",
    "hidari": "9d99e6f116132df2",
    "maitte": "2153fd80eb8d4b8d",
    "shuto": "a75f75bc7da2c0be",
    "shotei": "bce3b1ca4cef25ee"
  },
  "id_to_term": {
    "88419a9e69042c12": "itchi",
    "935027a8797ce67e": "ni",
    "7497a956b781b67d": "san",
    "3a788934c669e816": "shi",
    "1c324435d2713154": "go",
    "277e21bb5f4b311a": "roku",
    "225293b8e0ff790a": "shichi",
    "b8771015ea1fbfcc": "hachi",
    "ed7a86038084ef85": "ku",
    "1101ec7e78c78247": "ju",
    "1bde053fd73a559a": "shihan",
    "de85f8d53f98c66c": "sensei",
    "745064c1815cc78e": "san",
    "8ac07750b48b0f35": "shodan",
    "71ced82e5e2bd602": "nidan",
    "5ec648c26d3ab19f": "sandan",
    "1ac2bf8de9f168a5": "yondon",
    "c721cb154098accd": "godan",
    "76872f1fb094932d": "rokudan",
    "1750eca8e16561dc": "shichidan",
    "f5f0f42525e9542d": "hachidan",
    "b6405a8bc23691ae": "kudan",
    "6c13eb65950715e0": "judan",
    "db4fca1ad62f88e1": "sifu",
    "7560dd1bd1799718": "soke",
    "842d4de5fa1168f8": "roshi",
    "51c709993587ad78": "senpai",
    "6ca7648b8fbe21b0": "koshi",
    "10022d13ea8d72bb": "renshi",
    "fd0e7a7f91ff997a": "kyoshi",
    "5ec0d2a43188c690": "hanshi",
    "9189ddd17e5d429d": "professor",
    "22734091653ce983": "kama",
    "8364d85be4935424": "bo",
    "1689ee4b783e3048": "jo",
    "4f2a53f8e2547344": "quan",
    "ef60a03c0da7417b": "katana",
    "6b0cc9bcd7d876f1": "wakizashi",
    "ac53458765001d4b": "tanto",
    "534850042b25321f": "nunchuku",
    "f434be51c15b93f0": "sai",
    "f56fca7803410eec": "shuriken",
    "fe2fb19efc31fbf3": "karate",
    "12133d4687b44f14": "kenpo",
    "c94f5f15a0de03fe": "aikido",
    "1f54b232485bd93a": "tae kwan do",
    "3267dcc5989a38c0": "hapkido",
    "214cae0d7725160a": "kung fu",
    "a2eaa61beda7618e": "jiu-jitsu",
    "ab0def62f1807bcd": "kajukenbo",
    "941bf9c41663b266": "sambo",
    "db327b3b177e7a70": "jeet kune do",
    "a5b849774d7f4459": "krav maga",
    "e8d97cbafd0c1fde": "kenju-ryu",
    "9cc94a39c2dddfcd": "kali",
    "c38ebd59d00a1e63": "kenjitsu",
    "83df698c061852c1": "judo",
    "bfd7d02a12e4e6d4": "dojo",
    "3f494924f2a38706": "uke",
    "36b0c1f785ce7f65": "tore",
    "1278c0a21310e9f6": "gi",
    "adb3772e8a210866": "obi",
    "5fa98671708a49c5": "kata",
    "4bb13345ea9f5a15": "kumite",
    "78655682e96f0bf2": "kyu",
    "884fae3e24ea2697": "karateka",
    "de456f6c2e5ea8bc": "tatami",
    "f126b44a16512d2a": "doche/shey-shey",
    "776b54380d2d5eb3": "seiza",
    "b5177cca709356bb": "kwoon",
    "20db345db2f64722": "do",
    "e692a17cc02eb164": "shin",
    "1625a8cd030fc0dd": "wasa",
    "f012b3c54c8b8bc6": "ki",
    "3de707f53b16f6d0": "ai",
    "49d89b0f0183ff86": "budo",
    "0ba2ba8716bdb0f0": "kendo",
    "14d51c1c9ca017e5": "kyudo",
    "4d5d058d8836facb": "ryu",
    "c9044ca5e03d9766": "kiai",
    "1a123cb6e31d01f1": "escrima",
    "524eac384d3bb313": "arigato",
    "65d2d928917024ba": "ukime",
    "b71af08fdb894ff7": "migi",
    "9d99e6f116132df2": "hidari",
    "2153fd80eb8d4b8d": "maitte",
    "a75f75bc7da2c0be": "shuto",
    "bce3b1ca4cef25ee": "shotei"
  },
  "cards": {
    "88419a9e69042c12": {
      "id": "88419a9e69042c12",
      "group": "Numbers",
      "subgroup": "",
      "term": "Itchi",
      "meaning": "Number 1",
      "pron": "itch",
      "status": "active"
    },
    "935027a8797ce67e": {
      "id": "935027a8797ce67e",
      "group": "Numbers",
      "subgroup": "",
      "term": "Ni",
      "meaning": "Number 2",
      "pron": "nee",
      "status": "active"
    },
    "7497a956b781b67d": {
      "id": "7497a956b781b67d",
      "group": "Numbers",
      "subgroup": "",
      "term": "San",
      "meaning": "Number 3",
      "pron": "sahn",
      "status": "active"
    },
    "3a788934c669e816": {
      "id": "3a788934c669e816",
      "group": "Numbers",
      "subgroup": "",
      "term": "Shi",
      "meaning": "Number 4",
      "pron": "shee",
      "status": "active"
    },
    "1c324435d2713154": {
      "id": "1c324435d2713154",
      "group": "Numbers",
      "subgroup": "",
      "term": "Go",
      "meaning": "Number 5",
      "pron": "goh",
      "status": "active"
    },
    "277e21bb5f4b311a": {
      "id": "277e21bb5f4b311a",
      "group": "Numbers",
      "subgroup": "",
      "term": "Roku",
      "meaning": "Number 6",
      "pron": "roh-koo",
      "status": "active"
    },
    "225293b8e0ff790a": {
      "id": "225293b8e0ff790a",
      "group": "Numbers",
      "subgroup": "",
      "term": "Shichi",
      "meaning": "Number 7",
      "pron": "shee-chee",
      "status": "active"
    },
    "b8771015ea1fbfcc": {
      "id": "b8771015ea1fbfcc",
      "group": "Numbers",
      "subgroup": "",
      "term": "Hachi",
      "meaning": "Number 8",
      "pron": "hah-chee",
      "status": "active"
    },
    "ed7a86038084ef85": {
      "id": "ed7a86038084ef85",
      "group": "Numbers",
      "subgroup": "",
      "term": "Ku",
      "meaning": "Number 9",
      "pron": "koo",
      "status": "active"
    },
    "1101ec7e78c78247": {
      "id": "1101ec7e78c78247",
      "group": "Numbers",
      "subgroup": "",
      "term": "Ju",
      "meaning": "Number 10",
      "pron": "joo",
      "status": "active"
    },
    "1bde053fd73a559a": {
      "id": "1bde053fd73a559a",
      "group": "Titles",
      "subgroup": "Honorifics & roles",
      "term": "Shihan",
      "meaning": "Title meaning master",
      "pron": "shee-han",
      "status": "active"
    },
    "de85f8d53f98c66c": {
      "id": "de85f8d53f98c66c",
      "group": "Titles",
      "subgroup": "Honorifics & roles",
      "term": "Sensei",
      "meaning": "Title meaning instructor",
      "pron": "sen-say",
      "status": "active"
    },
    "745064c1815cc78e": {
      "id": "745064c1815cc78e",
      "group": "Titles",
      "subgroup": "Honorifics & roles",
      "term": "San",
      "meaning": "Title meaning honorable",
      "pron": "sahn",
      "status": "active"
    },
    "8ac07750b48b0f35": {
      "id": "8ac07750b48b0f35",
      "group": "Titles",
      "subgroup": "Black belt degrees",
      "term": "Shodan",
      "meaning": "1st Degree Black Belt",
      "pron": "shoh-dahn",
      "status": "active"
    },
    "71ced82e5e2bd602": {
      "id": "71ced82e5e2bd602",
      "group": "Titles",
      "subgroup": "Black belt degrees",
      "term": "Nidan",
      "meaning": "2nd Degree Black Belt",
      "pron": "nee-dahn",
      "status": "active"
    },
    "5ec648c26d3ab19f": {
      "id": "5ec648c26d3ab19f",
      "group": "Titles",
      "subgroup": "Black belt degrees",
      "term": "Sandan",
      "meaning": "3rd Degree Black Belt",
      "pron": "sawn-dahn",
      "status": "active"
    },
    "1ac2bf8de9f168a5": {
      "id": "1ac2bf8de9f168a5",
      "group": "Titles",
      "subgroup": "Black belt degrees",
      "term": "Yondon",
      "meaning": "4th Degree Black Belt",
      "pron": "yon-dahn",
      "status": "active"
    },
    "c721cb154098accd": {
      "id": "c721cb154098accd",
      "group": "Titles",
      "subgroup": "Black belt degrees",
      "term": "Godan",
      "meaning": "5th Degree Black Belt",
      "pron": "go-dahn",
      "status": "active"
    },
    "76872f1fb094932d": {
      "id": "76872f1fb094932d",
      "group": "Titles",
      "subgroup": "Black belt degrees",
      "term": "Rokudan",
      "meaning": "6th Degree Black Belt",
      "pron": "roh-koo-dahn",
      "status": "active"
    },
    "1750eca8e16561dc": {
      "id": "1750eca8e16561dc",
      "group": "Titles",
      "subgroup": "Black belt degrees",
      "term": "Shichidan",
      "meaning": "7th Degree Black Belt",
      "pron": "shee-chee-dahn",
      "status": "active"
    },
    "f5f0f42525e9542d": {
      "id": "f5f0f42525e9542d",
      "group": "Titles",
      "subgroup": "Black belt degrees",
      "term": "Hachidan",
      "meaning": "8th Degree Black Belt",
      "pron": "hah-chee-dahn",
      "status": "active"
    },
    "b6405a8bc23691ae": {
      "id": "b6405a8bc23691ae",
      "group": "Titles",
      "subgroup": "Black belt degrees",
      "term": "Kudan",
      "meaning": "9th Degree Black Belt",
      "pron": "koo-dahn",
      "status": "active"
    },
    "6c13eb65950715e0": {
      "id": "6c13eb65950715e0",
      "group": "Titles",
      "subgroup": "Black belt degrees",
      "term": "Judan",
      "meaning": "10th Degree Black Belt",
      "pron": "joo-dahn",
      "status": "active"
    },
    "db4fca1ad62f88e1": {
      "id": "db4fca1ad62f88e1",
      "group": "Titles",
      "subgroup": "Honorifics & roles",
      "term": "Sifu",
      "meaning": "Kung Fu Instructor",
      "pron": "see-foo",
      "status": "active"
    },
    "7560dd1bd1799718": {
      "id": "7560dd1bd1799718",
      "group": "Titles",
      "subgroup": "Honorifics & roles",
      "term": "Soke",
      "meaning": "Title meaning founder",
      "pron": "soh-keh",
      "status": "active"
    },
    "842d4de5fa1168f8": {
      "id": "842d4de5fa1168f8",
      "group": "Titles",
      "subgroup": "Honorifics & roles",
      "term": "Roshi",
      "meaning": "Old Master Teacher",
      "pron": "roh-shee",
      "status": "active"
    },
    "51c709993587ad78": {
      "id": "51c709993587ad78",
      "group": "Titles",
      "subgroup": "Honorifics & roles",
      "term": "Senpai",
      "meaning": "Senior Jr Black Belt",
      "pron": "sen-pie",
      "status": "active"
    },
    "6ca7648b8fbe21b0": {
      "id": "6ca7648b8fbe21b0",
      "group": "Titles",
      "subgroup": "Honorifics & roles",
      "term": "Koshi",
      "meaning": "Jr Black Belt",
      "pron": "koh-shee",
      "status": "active"
    },
    "10022d13ea8d72bb": {
      "id": "10022d13ea8d72bb",
      "group": "Titles",
      "subgroup": "Honorifics & roles",
      "term": "Renshi",
      "meaning": "Polished Instructor",
      "pron": "ren-shee",
      "status": "active"
    },
    "fd0e7a7f91ff997a": {
      "id": "fd0e7a7f91ff997a",
      "group": "Titles",
      "subgroup": "Honorifics & roles",
      "term": "Kyoshi",
      "meaning": "Teacher of teachers; Master Teacher",
      "pron": "kee-oh-shee",
      "status": "active"
    },
    "5ec0d2a43188c690": {
      "id": "5ec0d2a43188c690",
      "group": "Titles",
      "subgroup": "Honorifics & roles",
      "term": "Hanshi",
      "meaning": "Senior Master; Master of the house",
      "pron": "hahn-shee",
      "status": "active"
    },
    "9189ddd17e5d429d": {
      "id": "9189ddd17e5d429d",
      "group": "Titles",
      "subgroup": "Honorifics & roles",
      "term": "Professor",
      "meaning": "Founder; Master; Instructor; Highest Teacher",
      "pron": "",
      "status": "active"
    },
    "22734091653ce983": {
      "id": "22734091653ce983",
      "group": "Weapons",
      "subgroup": "Blades",
      "term": "Kama",
      "meaning": "Weapon Similar to Small Scythe",
      "pron": "kah-mah",
      "status": "active"
    },
    "8364d85be4935424": {
      "id": "8364d85be4935424",
      "group": "Weapons",
      "subgroup": "Staffs",
      "term": "Bo",
      "meaning": "Six Foot Staff",
      "pron": "boh",
      "status": "active"
    },
    "1689ee4b783e3048": {
      "id": "1689ee4b783e3048",
      "group": "Weapons",
      "subgroup": "Staffs",
      "term": "Jo",
      "meaning": "Four Foot Staff",
      "pron": "joh",
      "status": "active"
    },
    "4f2a53f8e2547344": {
      "id": "4f2a53f8e2547344",
      "group": "Weapons",
      "subgroup": "Staffs",
      "term": "Quan",
      "meaning": "Chinese Bo Bamboo",
      "pron": "kwan",
      "status": "active"
    },
    "ef60a03c0da7417b": {
      "id": "ef60a03c0da7417b",
      "group": "Weapons",
      "subgroup": "Blades",
      "term": "Katana",
      "meaning": "Samurai's Long Sword",
      "pron": "kah-tah-nah",
      "status": "active"
    },
    "6b0cc9bcd7d876f1": {
      "id": "6b0cc9bcd7d876f1",
      "group": "Weapons",
      "subgroup": "Blades",
      "term": "Wakizashi",
      "meaning": "Samurai's Short Sword",
      "pron": "wah-kee-zah-shee",
      "status": "active"
    },
    "ac53458765001d4b": {
      "id": "ac53458765001d4b",
      "group": "Weapons",
      "subgroup": "Blades",
      "term": "Tanto",
      "meaning": "Samurai's Knife",
      "pron": "than-toh",
      "status": "active"
    },
    "534850042b25321f": {
      "id": "534850042b25321f",
      "group": "Weapons",
      "subgroup": "Other / chain / throwing",
      "term": "Nunchuku",
      "meaning": "Stringed or Chained Weapon",
      "pron": "nun-chuck",
      "status": "active"
    },
    "f434be51c15b93f0": {
      "id": "f434be51c15b93f0",
      "group": "Weapons",
      "subgroup": "Other / chain / throwing",
      "term": "Sai",
      "meaning": "Three Pronged Metal Weapon",
      "pron": "sah-ee",
      "status": "active"
    },
    "f56fca7803410eec": {
      "id": "f56fca7803410eec",
      "group": "Weapons",
      "subgroup": "Other / chain / throwing",
      "term": "Shuriken",
      "meaning": "Throwing Stars",
      "pron": "shoo-ree-ken",
      "status": "active"
    },
    "fe2fb19efc31fbf3": {
      "id": "fe2fb19efc31fbf3",
      "group": "Martial Arts",
      "subgroup": "",
      "term": "Karate",
      "meaning": "Empty Hand",
      "pron": "kah-rah-tay",
      "status": "active"
    },
    "12133d4687b44f14": {
      "id": "12133d4687b44f14",
      "group": "Martial Arts",
      "subgroup": "",
      "term": "Kenpo",
      "meaning": "Law of the Fist",
      "pron": "ken-poh",
      "status": "active"
    },
    "c94f5f15a0de03fe": {
      "id": "c94f5f15a0de03fe",
      "group": "Martial Arts",
      "subgroup": "",
      "term": "Aikido",
      "meaning": "Harmony Spirit Way",
      "pron": "ah-ee-kee-doh",
      "status": "active"
    },
    "1f54b232485bd93a": {
      "id": "1f54b232485bd93a",
      "group": "Martial Arts",
      "subgroup": "",
      "term": "Tae Kwan Do",
      "meaning": "Hands and Feet Way",
      "pron": "tah-ee-kwon-doh",
      "status": "active"
    },
    "3267dcc5989a38c0": {
      "id": "3267dcc5989a38c0",
      "group": "Martial Arts",
      "subgroup": "",
      "term": "Hapkido",
      "meaning": "Coordination/Energy Way",
      "pron": "hop-kee-doh",
      "status": "active"
    },
    "214cae0d7725160a": {
      "id": "214cae0d7725160a",
      "group": "Martial Arts",
      "subgroup": "",
      "term": "Kung Fu",
      "meaning": "Time and Energy",
      "pron": "kung-foo",
      "status": "active"
    },
    "a2eaa61beda7618e": {
      "id": "a2eaa61beda7618e",
      "group": "Martial Arts",
      "subgroup": "",
      "term": "Jiu-Jitsu",
      "meaning": "Gentle Art",
      "pron": "joo-jit-soo",
      "status": "active"
    },
    "ab0def62f1807bcd": {
      "id": "ab0def62f1807bcd",
      "group": "Martial Arts",
      "subgroup": "",
      "term": "Kajukenbo",
      "meaning": "Thru this Fist Style",
      "pron": "kah-joo-ken-boh",
      "status": "active"
    },
    "941bf9c41663b266": {
      "id": "941bf9c41663b266",
      "group": "Martial Arts",
      "subgroup": "",
      "term": "Sambo",
      "meaning": "Self Defense Without Weapons",
      "pron": "som-bow",
      "status": "active"
    },
    "db327b3b177e7a70": {
      "id": "db327b3b177e7a70",
      "group": "Martial Arts",
      "subgroup": "",
      "term": "Jeet Kune Do",
      "meaning": "Way of Intercepting Fist",
      "pron": "",
      "status": "active"
    },
    "a5b849774d7f4459": {
      "id": "a5b849774d7f4459",
      "group": "Martial Arts",
      "subgroup": "",
      "term": "Krav Maga",
      "meaning": "Contact Combat",
      "pron": "krov-ma'ga",
      "status": "active"
    },
    "e8d97cbafd0c1fde": {
      "id": "e8d97cbafd0c1fde",
      "group": "Martial Arts",
      "subgroup": "",
      "term": "Kenju-Ryu",
      "meaning": "Kenpo Jiu-Jitsu Style",
      "pron": "",
      "status": "active"
    },
    "9cc94a39c2dddfcd": {
      "id": "9cc94a39c2dddfcd",
      "group": "Martial Arts",
      "subgroup": "",
      "term": "Kali",
      "meaning": "Weapon Based Fighting with Knives+ Sticks",
      "pron": "kah-lee",
      "status": "active"
    },
    "c38ebd59d00a1e63": {
      "id": "c38ebd59d00a1e63",
      "group": "Martial Arts",
      "subgroup": "",
      "term": "Kenjitsu",
      "meaning": "Methods, Techniques, and The Art of Japanese Sword",
      "pron": "ken-jet-soo",
      "status": "active"
    },
    "83df698c061852c1": {
      "id": "83df698c061852c1",
      "group": "Martial Arts",
      "subgroup": "",
      "term": "Judo",
      "meaning": "Sport of Unarmed Combat",
      "pron": "joo-doh",
      "status": "active"
    },
    "bfd7d02a12e4e6d4": {
      "id": "bfd7d02a12e4e6d4",
      "group": "Words",
      "subgroup": "Gear/place",
      "term": "Dojo",
      "meaning": "Training Hall",
      "pron": "doh-joh",
      "status": "active"
    },
    "3f494924f2a38706": {
      "id": "3f494924f2a38706",
      "group": "Words",
      "subgroup": "People/roles",
      "term": "Uke",
      "meaning": "Person Receiving a Technique",
      "pron": "oo-kay",
      "status": "active"
    },
    "36b0c1f785ce7f65": {
      "id": "36b0c1f785ce7f65",
      "group": "Words",
      "subgroup": "People/roles",
      "term": "Tore",
      "meaning": "Person Performing a Technique",
      "pron": "toh-ray",
      "status": "active"
    },
    "1278c0a21310e9f6": {
      "id": "1278c0a21310e9f6",
      "group": "Words",
      "subgroup": "Gear/place",
      "term": "Gi",
      "meaning": "Karate Uniform",
      "pron": "gee (hard \"g\")",
      "status": "active"
    },
    "adb3772e8a210866": {
      "id": "adb3772e8a210866",
      "group": "Words",
      "subgroup": "Gear/place",
      "term": "Obi",
      "meaning": "Karate Belt",
      "pron": "oh-bee",
      "status": "active"
    },
    "5fa98671708a49c5": {
      "id": "5fa98671708a49c5",
      "group": "Words",
      "subgroup": "Practice/structure",
      "term": "Kata",
      "meaning": "Form or Pre-Arranged Movement",
      "pron": "kah-tah",
      "status": "active"
    },
    "4bb13345ea9f5a15": {
      "id": "4bb13345ea9f5a15",
      "group": "Words",
      "subgroup": "Practice/structure",
      "term": "Kumite",
      "meaning": "Free Fighting",
      "pron": "koo-mee-tay",
      "status": "active"
    },
    "78655682e96f0bf2": {
      "id": "78655682e96f0bf2",
      "group": "Words",
      "subgroup": "Practice/structure",
      "term": "Kyu",
      "meaning": "Class Order of Colored Ranks",
      "pron": "kyoo",
      "status": "active"
    },
    "884fae3e24ea2697": {
      "id": "884fae3e24ea2697",
      "group": "Words",
      "subgroup": "People/roles",
      "term": "Karateka",
      "meaning": "Karate Student",
      "pron": "kah-rah-tay-kah",
      "status": "active"
    },
    "de456f6c2e5ea8bc": {
      "id": "de456f6c2e5ea8bc",
      "group": "Words",
      "subgroup": "Gear/place",
      "term": "Tatami",
      "meaning": "Mat",
      "pron": "tah-tah-mee",
      "status": "active"
    },
    "f126b44a16512d2a": {
      "id": "f126b44a16512d2a",
      "group": "Words",
      "subgroup": "Misc.",
      "term": "Doche/Shey-Shey",
      "meaning": "Thank You",
      "pron": "doh-chay/shay-shay",
      "status": "active"
    },
    "776b54380d2d5eb3": {
      "id": "776b54380d2d5eb3",
      "group": "Words",
      "subgroup": "Gear/place",
      "term": "Seiza",
      "meaning": "Kneeling Position",
      "pron": "say-zah",
      "status": "active"
    },
    "b5177cca709356bb": {
      "id": "b5177cca709356bb",
      "group": "Words",
      "subgroup": "Gear/place",
      "term": "Kwoon",
      "meaning": "Kung Fu School",
      "pron": "kw-oon",
      "status": "active"
    },
    "20db345db2f64722": {
      "id": "20db345db2f64722",
      "group": "Words",
      "subgroup": "Concepts",
      "term": "Do",
      "meaning": "Way of Enlightenment",
      "pron": "doh",
      "status": "active"
    },
    "e692a17cc02eb164": {
      "id": "e692a17cc02eb164",
      "group": "Words",
      "subgroup": "Concepts",
      "term": "Shin",
      "meaning": "Spirit-Mind Inspiration",
      "pron": "sh-in",
      "status": "active"
    },
    "1625a8cd030fc0dd": {
      "id": "1625a8cd030fc0dd",
      "group": "Words",
      "subgroup": "Practice/structure",
      "term": "Wasa",
      "meaning": "Technique",
      "pron": "wah-sah",
      "status": "active"
    },
    "f012b3c54c8b8bc6": {
      "id": "f012b3c54c8b8bc6",
      "group": "Words",
      "subgroup": "Concepts",
      "term": "Ki",
      "meaning": "Internal Energy",
      "pron": "key",
      "status": "active"
    },
    "3de707f53b16f6d0": {
      "id": "3de707f53b16f6d0",
      "group": "Words",
      "subgroup": "Concepts",
      "term": "Ai",
      "meaning": "Breathe",
      "pron": "ah-ee",
      "status": "active"
    },
    "49d89b0f0183ff86": {
      "id": "49d89b0f0183ff86",
      "group": "Words",
      "subgroup": "Concepts",
      "term": "Budo",
      "meaning": "The Martial Arts",
      "pron": "boo-doh",
      "status": "active"
    },
    "0ba2ba8716bdb0f0": {
      "id": "0ba2ba8716bdb0f0",
      "group": "Words",
      "subgroup": "Concepts",
      "term": "Kendo",
      "meaning": "Way of Swordsmanship",
      "pron": "ken-doh",
      "status": "active"
    },
    "14d51c1c9ca017e5": {
      "id": "14d51c1c9ca017e5",
      "group": "Words",
      "subgroup": "Concepts",
      "term": "Kyudo",
      "meaning": "Way of Archery",
      "pron": "kyoo-doh",
      "status": "active"
    },
    "4d5d058d8836facb": {
      "id": "4d5d058d8836facb",
      "group": "Words",
      "subgroup": "Practice/structure",
      "term": "Ryu",
      "meaning": "School or Style",
      "pron": "ree-yoo",
      "status": "active"
    },
    "c9044ca5e03d9766": {
      "id": "c9044ca5e03d9766",
      "group": "Words",
      "subgroup": "Concepts",
      "term": "Kiai",
      "meaning": "Loud Shoot Focusing Power",
      "pron": "kee-ah-ee",
      "status": "active"
    },
    "1a123cb6e31d01f1": {
      "id": "1a123cb6e31d01f1",
      "group": "Words",
      "subgroup": "Weapons systems",
      "term": "Escrima",
      "meaning": "Weapon based fighting with sticks",
      "pron": "eh-scream-ah",
      "status": "active"
    },
    "524eac384d3bb313": {
      "id": "524eac384d3bb313",
      "group": "Words",
      "subgroup": "Misc.",
      "term": "Arigato",
      "meaning": "Japanese for \"thank you\"",
      "pron": "ah-ree-gah-toh",
      "status": "active"
    },
    "65d2d928917024ba": {
      "id": "65d2d928917024ba",
      "group": "Directions & Safety",
      "subgroup": "",
      "term": "Ukime",
      "meaning": "Shoulder Roll/Break Fall",
      "pron": "oo-kee-may",
      "status": "active"
    },
    "b71af08fdb894ff7": {
      "id": "b71af08fdb894ff7",
      "group": "Directions & Safety",
      "subgroup": "",
      "term": "Migi",
      "meaning": "Right Side",
      "pron": "mee-gee",
      "status": "active"
    },
    "9d99e6f116132df2": {
      "id": "9d99e6f116132df2",
      "group": "Directions & Safety",
      "subgroup": "",
      "term": "Hidari",
      "meaning": "Left Side",
      "pron": "hee-dah-ree",
      "status": "active"
    },
    "2153fd80eb8d4b8d": {
      "id": "2153fd80eb8d4b8d",
      "group": "Directions & Safety",
      "subgroup": "",
      "term": "Maitte",
      "meaning": "I surrender",
      "pron": "ma-tay",
      "status": "active"
    },
    "a75f75bc7da2c0be": {
      "id": "a75f75bc7da2c0be",
      "group": "Strikes",
      "subgroup": "",
      "term": "Shuto",
      "meaning": "Hand Swod Strike",
      "pron": "shoo-toh",
      "status": "active"
    },
    "bce3b1ca4cef25ee": {
      "id": "bce3b1ca4cef25ee",
      "group": "Strikes",
      "subgroup": "",
      "term": "Shotei",
      "meaning": "Palm Heel Strike",
      "pron": "shoh-tay",
      "status": "active"
    }
  }
}