{
  "__settings__": {
    "all": {
      "randomize": false,
      "link_randomize_study_tabs": false,
      "randomize_unlearned": false,
      "randomize_unsure": false,
      "randomize_learned_study": false,
      "show_group_label": false,
      "show_subgroup_label": false,
      "reverse_faces": false,
      "show_breakdown_on_definition": true,
      "breakdown_apply_all_tabs": false,
      "breakdown_remove_all_tabs": false,
      "breakdown_remove_unlearned": false,
      "breakdown_remove_unsure": false,
      "breakdown_remove_learned_study": false,
      "show_definitions_all_list": true,
      "show_definitions_learned_list": true,
      "all_list_show_unlearned_unsure_buttons": true,
      "learned_list_show_relearn_unsure_buttons": false,
      "learned_list_show_group_label": false,
      "all_mode": "flat",
      "group_order": "alpha",
      "card_order": "json",
      "breakdown_ai_provider": "openai",
      "speech_rate": 1.0,
      "speech_voice": "",
      "auto_speak_on_card_change": false,
      "speak_definition_on_flip": false,
      "custom_set_random_order": false,
      "custom_set_reverse_cards": false,
      "custom_set_show_group_label": false,
      "custom_set_show_breakdown": true,
      "activeDeckId": "kenpo",
      "randomize_custom_set": false,
      "reflect_status_in_main": false
    },
    "groups": {},
    "custom_set": [
      "4f2a53f8e2547344",
      "277e21bb5f4b311a",
      "5ec0d2a43188c690",
      "51c709993587ad78",
      "1689ee4b783e3048",
      "78655682e96f0bf2",
      "842d4de5fa1168f8",
      "8364d85be4935424",
      "20db345db2f64722",
      "22734091653ce983"
    ],
    "custom_set_status": {}
  }
}