{
  "app_name": "AdvancedFlashcardsWebAppServer_Packaged",
  "version": "3.1.0.3",
  "build": 11,
  "release_date": "2026-01-25",
  "notes": "Rebrand to Advanced Flashcards WebApp Server; per-user data directory (%LOCALAPPDATA%\\Advanced Flashcards WebApp Server\\data). Fix PyInstaller tray spec/launcher and include kenpo_words.json. | Step 2: pre_build pulls local data when present, backs up root\\data, stages packaging\\build_data; build_exe prefers packaging\\build_data when newer; adds repo+local build logs.",
  "webserver_version": "7.2.0",
  "webserver_build": 42,
  "last_sync": "2026-01-25T12:00:00"
}