{
  "__settings__": {
    "all": {
      "randomize": false,
      "link_randomize_study_tabs": false,
      "randomize_unlearned": false,
      "randomize_unsure": false,
      "randomize_learned_study": false,
      "show_group_label": false,
      "show_subgroup_label": false,
      "reverse_faces": false,
      "breakdown_apply_all_tabs": false,
      "breakdown_remove_all_tabs": false,
      "breakdown_remove_unlearned": false,
      "breakdown_remove_unsure": false,
      "breakdown_remove_learned_study": false,
      "show_definitions_all_list": true,
      "show_definitions_learned_list": true,
      "all_list_show_unlearned_unsure_buttons": true,
      "learned_list_show_relearn_unsure_buttons": false,
      "learned_list_show_group_label": false,
      "all_mode": "flat",
      "group_order": "alpha",
      "card_order": "json",
      "breakdown_ai_provider": "openai"
    },
    "groups": {}
  }
}