[
  {
    "id": "211ee2b88b41416a",
    "term": "Hola",
    "meaning": "Hello",
    "pron": "oh-lah",
    "group": "Greetings",
    "subgroup": "",
    "deckId": "deck_7bb3a7af",
    "isUserCreated": true,
    "createdAt": 1769272006,
    "updatedAt": 1769272006
  },
  {
    "id": "6dc4431ae5d6408b",
    "term": "Adiós",
    "meaning": "Goodbye",
    "pron": "ah-dee-ohs",
    "group": "Greetings",
    "subgroup": "",
    "deckId": "deck_7bb3a7af",
    "isUserCreated": true,
    "createdAt": 1769272006,
    "updatedAt": 1769272006
  },
  {
    "id": "bbdff4dd475947dc",
    "term": "Por favor",
    "meaning": "Please",
    "pron": "por fah-bor",
    "group": "Courtesy",
    "subgroup": "",
    "deckId": "deck_7bb3a7af",
    "isUserCreated": true,
    "createdAt": 1769272006,
    "updatedAt": 1769272006
  },
  {
    "id": "559d6fd39dcd4b70",
    "term": "Gracias",
    "meaning": "Thank you",
    "pron": "grah-see-as",
    "group": "Courtesy",
    "subgroup": "",
    "deckId": "deck_7bb3a7af",
    "isUserCreated": true,
    "createdAt": 1769272006,
    "updatedAt": 1769272006
  },
  {
    "id": "d21f5e5c0bd24159",
    "term": "De nada",
    "meaning": "You're welcome",
    "pron": "deh nah-dah",
    "group": "Courtesy",
    "subgroup": "",
    "deckId": "deck_7bb3a7af",
    "isUserCreated": true,
    "createdAt": 1769272006,
    "updatedAt": 1769272006
  },
  {
    "id": "67a9b366c4fc4a9a",
    "term": "Sí",
    "meaning": "Yes",
    "pron": "see",
    "group": "Basic",
    "subgroup": "",
    "deckId": "deck_7bb3a7af",
    "isUserCreated": true,
    "createdAt": 1769272006,
    "updatedAt": 1769272006
  },
  {
    "id": "bce6e439d12843c1",
    "term": "No",
    "meaning": "No",
    "pron": "",
    "group": "Basic",
    "subgroup": "",
    "deckId": "deck_7bb3a7af",
    "isUserCreated": true,
    "createdAt": 1769272007,
    "updatedAt": 1769272007
  },
  {
    "id": "8430d5407c0a46df",
    "term": "Amigo",
    "meaning": "Friend",
    "pron": "ah-mee-go",
    "group": "People",
    "subgroup": "",
    "deckId": "deck_7bb3a7af",
    "isUserCreated": true,
    "createdAt": 1769272007,
    "updatedAt": 1769272007
  },
  {
    "id": "51dc8749372b4479",
    "term": "Familia",
    "meaning": "Family",
    "pron": "fah-mee-lee-ah",
    "group": "People",
    "subgroup": "",
    "deckId": "deck_7bb3a7af",
    "isUserCreated": true,
    "createdAt": 1769272007,
    "updatedAt": 1769272007
  },
  {
    "id": "455ecb48f2334832",
    "term": "Escuela",
    "meaning": "School",
    "pron": "es-kwel-ah",
    "group": "Places",
    "subgroup": "",
    "deckId": "deck_7bb3a7af",
    "isUserCreated": true,
    "createdAt": 1769272007,
    "updatedAt": 1769272007
  },
  {
    "id": "ddd1e4278805455f",
    "term": "Casa",
    "meaning": "House",
    "pron": "kah-sah",
    "group": "Places",
    "subgroup": "",
    "deckId": "deck_7bb3a7af",
    "isUserCreated": true,
    "createdAt": 1769272007,
    "updatedAt": 1769272007
  },
  {
    "id": "5b3517030af0492f",
    "term": "Perro",
    "meaning": "Dog",
    "pron": "peh-rroh",
    "group": "Animals",
    "subgroup": "",
    "deckId": "deck_7bb3a7af",
    "isUserCreated": true,
    "createdAt": 1769272007,
    "updatedAt": 1769272007
  },
  {
    "id": "365e46ecf3e340bd",
    "term": "Gato",
    "meaning": "Cat",
    "pron": "gah-toh",
    "group": "Animals",
    "subgroup": "",
    "deckId": "deck_7bb3a7af",
    "isUserCreated": true,
    "createdAt": 1769272007,
    "updatedAt": 1769272007
  },
  {
    "id": "54d7213ef3c0438f",
    "term": "Libro",
    "meaning": "Book",
    "pron": "lee-broh",
    "group": "Objects",
    "subgroup": "",
    "deckId": "deck_7bb3a7af",
    "isUserCreated": true,
    "createdAt": 1769272007,
    "updatedAt": 1769272007
  },
  {
    "id": "fdf650f641f34c00",
    "term": "Mesa",
    "meaning": "Table",
    "pron": "meh-sah",
    "group": "Objects",
    "subgroup": "",
    "deckId": "deck_7bb3a7af",
    "isUserCreated": true,
    "createdAt": 1769272007,
    "updatedAt": 1769272007
  },
  {
    "id": "b47d70c8fc894d2e",
    "term": "Silla",
    "meaning": "Chair",
    "pron": "see-yah",
    "group": "Objects",
    "subgroup": "",
    "deckId": "deck_7bb3a7af",
    "isUserCreated": true,
    "createdAt": 1769272007,
    "updatedAt": 1769272007
  },
  {
    "id": "55be85faabba4ae3",
    "term": "Rojo",
    "meaning": "Red",
    "pron": "roh-ho",
    "group": "Colors",
    "subgroup": "",
    "deckId": "deck_7bb3a7af",
    "isUserCreated": true,
    "createdAt": 1769272007,
    "updatedAt": 1769272007
  },
  {
    "id": "798649e1a65d4381",
    "term": "Verde",
    "meaning": "Green",
    "pron": "behr-deh",
    "group": "Colors",
    "subgroup": "",
    "deckId": "deck_7bb3a7af",
    "isUserCreated": true,
    "createdAt": 1769272007,
    "updatedAt": 1769272007
  },
  {
    "id": "600dc8e493e747e1",
    "term": "Azul",
    "meaning": "Blue",
    "pron": "ah-sool",
    "group": "Colors",
    "subgroup": "",
    "deckId": "deck_7bb3a7af",
    "isUserCreated": true,
    "createdAt": 1769272007,
    "updatedAt": 1769272007
  },
  {
    "id": "fd32202d1b9d437b",
    "term": "Uno",
    "meaning": "One",
    "pron": "oo-noh",
    "group": "Numbers",
    "subgroup": "",
    "deckId": "deck_7bb3a7af",
    "isUserCreated": true,
    "createdAt": 1769272007,
    "updatedAt": 1769272007
  },
  {
    "id": "f696adf12ce9495f",
    "term": "Dos",
    "meaning": "Two",
    "pron": "dohs",
    "group": "Numbers",
    "subgroup": "",
    "deckId": "deck_7bb3a7af",
    "isUserCreated": true,
    "createdAt": 1769272007,
    "updatedAt": 1769272007
  },
  {
    "id": "d0e5b09b86804125",
    "term": "Tres",
    "meaning": "Three",
    "pron": "tres",
    "group": "Numbers",
    "subgroup": "",
    "deckId": "deck_7bb3a7af",
    "isUserCreated": true,
    "createdAt": 1769272007,
    "updatedAt": 1769272007
  },
  {
    "id": "7333f394d3ee4dc0",
    "term": "Cuatro",
    "meaning": "Four",
    "pron": "kwah-troh",
    "group": "Numbers",
    "subgroup": "",
    "deckId": "deck_7bb3a7af",
    "isUserCreated": true,
    "createdAt": 1769272007,
    "updatedAt": 1769272007
  },
  {
    "id": "d25ec57df3ce47cb",
    "term": "Cinco",
    "meaning": "Five",
    "pron": "seen-koh",
    "group": "Numbers",
    "subgroup": "",
    "deckId": "deck_7bb3a7af",
    "isUserCreated": true,
    "createdAt": 1769272007,
    "updatedAt": 1769272007
  },
  {
    "id": "46421c73f7154379",
    "term": "Madre",
    "meaning": "Mother",
    "pron": "mah-dreh",
    "group": "People",
    "subgroup": "",
    "deckId": "deck_7bb3a7af",
    "isUserCreated": true,
    "createdAt": 1769272007,
    "updatedAt": 1769272007
  },
  {
    "id": "f764892afb934040",
    "term": "Padre",
    "meaning": "Father",
    "pron": "pah-dreh",
    "group": "People",
    "subgroup": "",
    "deckId": "deck_7bb3a7af",
    "isUserCreated": true,
    "createdAt": 1769272007,
    "updatedAt": 1769272007
  },
  {
    "id": "cbef4554ca9845be",
    "term": "Hermano",
    "meaning": "Brother",
    "pron": "ehr-mah-noh",
    "group": "People",
    "subgroup": "",
    "deckId": "deck_7bb3a7af",
    "isUserCreated": true,
    "createdAt": 1769272007,
    "updatedAt": 1769272007
  },
  {
    "id": "96f57897fb574fe0",
    "term": "Hermana",
    "meaning": "Sister",
    "pron": "ehr-mah-nah",
    "group": "People",
    "subgroup": "",
    "deckId": "deck_7bb3a7af",
    "isUserCreated": true,
    "createdAt": 1769272007,
    "updatedAt": 1769272007
  },
  {
    "id": "334fdf84109b4ae3",
    "term": "Niño",
    "meaning": "Boy",
    "pron": "nee-nyoh",
    "group": "People",
    "subgroup": "",
    "deckId": "deck_7bb3a7af",
    "isUserCreated": true,
    "createdAt": 1769272007,
    "updatedAt": 1769272007
  },
  {
    "id": "a50c9a18634f446c",
    "term": "Niña",
    "meaning": "Girl",
    "pron": "nee-nyah",
    "group": "People",
    "subgroup": "",
    "deckId": "deck_7bb3a7af",
    "isUserCreated": true,
    "createdAt": 1769272008,
    "updatedAt": 1769272008
  },
  {
    "id": "79f1e9b86e264804",
    "term": "Buenos días",
    "meaning": "Good morning",
    "pron": "bweh-nohs dee-as",
    "group": "Greetings",
    "subgroup": "",
    "deckId": "deck_7bb3a7af",
    "isUserCreated": true,
    "createdAt": 1769272008,
    "updatedAt": 1769272008
  },
  {
    "id": "51eed491b1f64b7d",
    "term": "Buenas tardes",
    "meaning": "Good afternoon",
    "pron": "bweh-nahs tahr-des",
    "group": "Greetings",
    "subgroup": "",
    "deckId": "deck_7bb3a7af",
    "isUserCreated": true,
    "createdAt": 1769272008,
    "updatedAt": 1769272008
  },
  {
    "id": "131003a0f4c844db",
    "term": "Buenas noches",
    "meaning": "Good night",
    "pron": "bweh-nahs noh-ches",
    "group": "Greetings",
    "subgroup": "",
    "deckId": "deck_7bb3a7af",
    "isUserCreated": true,
    "createdAt": 1769272008,
    "updatedAt": 1769272008
  },
  {
    "id": "f6a2b47ecb9545a9",
    "term": "Manzana",
    "meaning": "Apple",
    "pron": "mahn-thah-nah",
    "group": "Food",
    "subgroup": "",
    "deckId": "deck_7bb3a7af",
    "isUserCreated": true,
    "createdAt": 1769272008,
    "updatedAt": 1769272008
  },
  {
    "id": "161aaa9cb2974e00",
    "term": "Pan",
    "meaning": "Bread",
    "pron": "pahn",
    "group": "Food",
    "subgroup": "",
    "deckId": "deck_7bb3a7af",
    "isUserCreated": true,
    "createdAt": 1769272008,
    "updatedAt": 1769272008
  },
  {
    "id": "b29da819e51d47d8",
    "term": "Agua",
    "meaning": "Water",
    "pron": "ah-gwah",
    "group": "Food",
    "subgroup": "",
    "deckId": "deck_7bb3a7af",
    "isUserCreated": true,
    "createdAt": 1769272008,
    "updatedAt": 1769272008
  },
  {
    "id": "c28664f9693b4b0a",
    "term": "Leche",
    "meaning": "Milk",
    "pron": "leh-cheh",
    "group": "Food",
    "subgroup": "",
    "deckId": "deck_7bb3a7af",
    "isUserCreated": true,
    "createdAt": 1769272008,
    "updatedAt": 1769272008
  },
  {
    "id": "5b7bbde6e219478e",
    "term": "Jugo",
    "meaning": "Juice",
    "pron": "hoo-goh",
    "group": "Food",
    "subgroup": "",
    "deckId": "deck_7bb3a7af",
    "isUserCreated": true,
    "createdAt": 1769272008,
    "updatedAt": 1769272008
  },
  {
    "id": "f531ef23d7af482a",
    "term": "Comida",
    "meaning": "Food",
    "pron": "koh-mee-dah",
    "group": "Food",
    "subgroup": "",
    "deckId": "deck_7bb3a7af",
    "isUserCreated": true,
    "createdAt": 1769272008,
    "updatedAt": 1769272008
  },
  {
    "id": "ddf1608ef72b4e0c",
    "term": "Correr",
    "meaning": "Run",
    "pron": "koh-rehr",
    "group": "Actions",
    "subgroup": "",
    "deckId": "deck_7bb3a7af",
    "isUserCreated": true,
    "createdAt": 1769272008,
    "updatedAt": 1769272008
  },
  {
    "id": "00991126f2044a4e",
    "term": "Saltar",
    "meaning": "Jump",
    "pron": "sahl-tar",
    "group": "Actions",
    "subgroup": "",
    "deckId": "deck_7bb3a7af",
    "isUserCreated": true,
    "createdAt": 1769272008,
    "updatedAt": 1769272008
  },
  {
    "id": "f47e8593c0be407e",
    "term": "Caminar",
    "meaning": "Walk",
    "pron": "kah-mee-nar",
    "group": "Actions",
    "subgroup": "",
    "deckId": "deck_7bb3a7af",
    "isUserCreated": true,
    "createdAt": 1769272008,
    "updatedAt": 1769272008
  },
  {
    "id": "f93dbee5af93440d",
    "term": "Leer",
    "meaning": "Read",
    "pron": "leh-ehr",
    "group": "Actions",
    "subgroup": "",
    "deckId": "deck_7bb3a7af",
    "isUserCreated": true,
    "createdAt": 1769272008,
    "updatedAt": 1769272008
  },
  {
    "id": "e9a8d53bb776400c",
    "term": "Escribir",
    "meaning": "Write",
    "pron": "ehs-kree-beer",
    "group": "Actions",
    "subgroup": "",
    "deckId": "deck_7bb3a7af",
    "isUserCreated": true,
    "createdAt": 1769272008,
    "updatedAt": 1769272008
  },
  {
    "id": "50659b0c93e9489f",
    "term": "Escuchar",
    "meaning": "Listen",
    "pron": "ehs-koo-char",
    "group": "Actions",
    "subgroup": "",
    "deckId": "deck_7bb3a7af",
    "isUserCreated": true,
    "createdAt": 1769272008,
    "updatedAt": 1769272008
  },
  {
    "id": "affc9ecee02241a4",
    "term": "Hablar",
    "meaning": "Talk",
    "pron": "ah-blar",
    "group": "Actions",
    "subgroup": "",
    "deckId": "deck_7bb3a7af",
    "isUserCreated": true,
    "createdAt": 1769272008,
    "updatedAt": 1769272008
  },
  {
    "id": "7fac2afee0e2433f",
    "term": "Ver",
    "meaning": "See",
    "pron": "behr",
    "group": "Actions",
    "subgroup": "",
    "deckId": "deck_7bb3a7af",
    "isUserCreated": true,
    "createdAt": 1769272008,
    "updatedAt": 1769272008
  },
  {
    "id": "cb90d2a11b084f9d",
    "term": "Mirar",
    "meaning": "Look",
    "pron": "mee-rahr",
    "group": "Actions",
    "subgroup": "",
    "deckId": "deck_7bb3a7af",
    "isUserCreated": true,
    "createdAt": 1769272008,
    "updatedAt": 1769272008
  },
  {
    "id": "7b2aaf3e6d594d5d",
    "term": "Jugar",
    "meaning": "Play",
    "pron": "hoo-gar",
    "group": "Actions",
    "subgroup": "",
    "deckId": "deck_7bb3a7af",
    "isUserCreated": true,
    "createdAt": 1769272008,
    "updatedAt": 1769272008
  },
  {
    "id": "0f98d41a4007446b",
    "term": "Dormir",
    "meaning": "Sleep",
    "pron": "dor-meer",
    "group": "Actions",
    "subgroup": "",
    "deckId": "deck_7bb3a7af",
    "isUserCreated": true,
    "createdAt": 1769272008,
    "updatedAt": 1769272008
  },
  {
    "id": "eae200dd8c7d4a49",
    "term": "Grande",
    "meaning": "Big",
    "pron": "gran-deh",
    "group": "Adjectives",
    "subgroup": "",
    "deckId": "deck_7bb3a7af",
    "isUserCreated": true,
    "createdAt": 1769272008,
    "updatedAt": 1769272008
  },
  {
    "id": "fb951b5450a34645",
    "term": "Pequeño",
    "meaning": "Small",
    "pron": "peh-keh-nyoh",
    "group": "Adjectives",
    "subgroup": "",
    "deckId": "deck_7bb3a7af",
    "isUserCreated": true,
    "createdAt": 1769272008,
    "updatedAt": 1769272008
  },
  {
    "id": "e5e97f0167a045f1",
    "term": "Feliz",
    "meaning": "Happy",
    "pron": "feh-lees",
    "group": "Adjectives",
    "subgroup": "",
    "deckId": "deck_7bb3a7af",
    "isUserCreated": true,
    "createdAt": 1769272008,
    "updatedAt": 1769272008
  },
  {
    "id": "825dd4c77699406c",
    "term": "Triste",
    "meaning": "Sad",
    "pron": "trees-teh",
    "group": "Adjectives",
    "subgroup": "",
    "deckId": "deck_7bb3a7af",
    "isUserCreated": true,
    "createdAt": 1769272008,
    "updatedAt": 1769272008
  },
  {
    "id": "0abc831d731c4fae",
    "term": "Rápido",
    "meaning": "Fast",
    "pron": "rah-pee-doh",
    "group": "Adjectives",
    "subgroup": "",
    "deckId": "deck_7bb3a7af",
    "isUserCreated": true,
    "createdAt": 1769272008,
    "updatedAt": 1769272008
  },
  {
    "id": "438c2855469b4778",
    "term": "Lento",
    "meaning": "Slow",
    "pron": "lehn-toh",
    "group": "Adjectives",
    "subgroup": "",
    "deckId": "deck_7bb3a7af",
    "isUserCreated": true,
    "createdAt": 1769272009,
    "updatedAt": 1769272009
  },
  {
    "id": "16958db7b6654660",
    "term": "Caliente",
    "meaning": "Hot",
    "pron": "kah-lyen-teh",
    "group": "Adjectives",
    "subgroup": "",
    "deckId": "deck_7bb3a7af",
    "isUserCreated": true,
    "createdAt": 1769272009,
    "updatedAt": 1769272009
  },
  {
    "id": "ff2086d52b314ab1",
    "term": "Frío",
    "meaning": "Cold",
    "pron": "free-oh",
    "group": "Adjectives",
    "subgroup": "",
    "deckId": "deck_7bb3a7af",
    "isUserCreated": true,
    "createdAt": 1769272009,
    "updatedAt": 1769272009
  },
  {
    "id": "32e1512e7ca144c6",
    "term": "Bonito",
    "meaning": "Pretty",
    "pron": "boh-nee-toh",
    "group": "Adjectives",
    "subgroup": "",
    "deckId": "deck_7bb3a7af",
    "isUserCreated": true,
    "createdAt": 1769272009,
    "updatedAt": 1769272009
  },
  {
    "id": "176a6426f21745bc",
    "term": "Feo",
    "meaning": "Ugly",
    "pron": "feh-oh",
    "group": "Adjectives",
    "subgroup": "",
    "deckId": "deck_7bb3a7af",
    "isUserCreated": true,
    "createdAt": 1769272009,
    "updatedAt": 1769272009
  },
  {
    "id": "55662d054a2d4f78",
    "term": "Café",
    "meaning": "Brown",
    "pron": "kah-feh",
    "group": "Colors",
    "subgroup": "",
    "deckId": "deck_7bb3a7af",
    "isUserCreated": true,
    "createdAt": 1769272009,
    "updatedAt": 1769272009
  },
  {
    "id": "21bebc1773f44ca5",
    "term": "Gris",
    "meaning": "Gray",
    "pron": "grees",
    "group": "Colors",
    "subgroup": "",
    "deckId": "deck_7bb3a7af",
    "isUserCreated": true,
    "createdAt": 1769272009,
    "updatedAt": 1769272009
  },
  {
    "id": "09f3c3f20a114db8",
    "term": "Negro",
    "meaning": "Black",
    "pron": "neh-groh",
    "group": "Colors",
    "subgroup": "",
    "deckId": "deck_7bb3a7af",
    "isUserCreated": true,
    "createdAt": 1769272009,
    "updatedAt": 1769272009
  },
  {
    "id": "9cc76b7b41104af5",
    "term": "Blanco",
    "meaning": "White",
    "pron": "blahn-koh",
    "group": "Colors",
    "subgroup": "",
    "deckId": "deck_7bb3a7af",
    "isUserCreated": true,
    "createdAt": 1769272009,
    "updatedAt": 1769272009
  },
  {
    "id": "f8806db2be9d422d",
    "term": "Naranja",
    "meaning": "Orange",
    "pron": "nah-rahn-ha",
    "group": "Colors",
    "subgroup": "",
    "deckId": "deck_7bb3a7af",
    "isUserCreated": true,
    "createdAt": 1769272009,
    "updatedAt": 1769272009
  },
  {
    "id": "5304286fe3324f42",
    "term": "Amarillo",
    "meaning": "Yellow",
    "pron": "ah-mah-ree-yoh",
    "group": "Colors",
    "subgroup": "",
    "deckId": "deck_7bb3a7af",
    "isUserCreated": true,
    "createdAt": 1769272009,
    "updatedAt": 1769272009
  },
  {
    "id": "60b0c9bc5c064055",
    "term": "Morado",
    "meaning": "Purple",
    "pron": "moh-rah-doh",
    "group": "Colors",
    "subgroup": "",
    "deckId": "deck_7bb3a7af",
    "isUserCreated": true,
    "createdAt": 1769272009,
    "updatedAt": 1769272009
  },
  {
    "id": "9f3825cdd7724f96",
    "term": "Rosa",
    "meaning": "Pink",
    "pron": "roh-sah",
    "group": "Colors",
    "subgroup": "",
    "deckId": "deck_7bb3a7af",
    "isUserCreated": true,
    "createdAt": 1769272009,
    "updatedAt": 1769272009
  },
  {
    "id": "7e6f0807e1d042a4",
    "term": "Cero",
    "meaning": "Zero",
    "pron": "seh-roh",
    "group": "Numbers",
    "subgroup": "",
    "deckId": "deck_7bb3a7af",
    "isUserCreated": true,
    "createdAt": 1769272009,
    "updatedAt": 1769272009
  },
  {
    "id": "a497bf8cfcb24f2c",
    "term": "Seis",
    "meaning": "Six",
    "pron": "seys",
    "group": "Numbers",
    "subgroup": "",
    "deckId": "deck_7bb3a7af",
    "isUserCreated": true,
    "createdAt": 1769272009,
    "updatedAt": 1769272009
  },
  {
    "id": "80394d1aa04c440f",
    "term": "Siete",
    "meaning": "Seven",
    "pron": "syeh-teh",
    "group": "Numbers",
    "subgroup": "",
    "deckId": "deck_7bb3a7af",
    "isUserCreated": true,
    "createdAt": 1769272009,
    "updatedAt": 1769272009
  },
  {
    "id": "abc2299b03ae4bfa",
    "term": "Ocho",
    "meaning": "Eight",
    "pron": "oh-choh",
    "group": "Numbers",
    "subgroup": "",
    "deckId": "deck_7bb3a7af",
    "isUserCreated": true,
    "createdAt": 1769272009,
    "updatedAt": 1769272009
  },
  {
    "id": "d775e965c4804606",
    "term": "Nueve",
    "meaning": "Nine",
    "pron": "nweh-beh",
    "group": "Numbers",
    "subgroup": "",
    "deckId": "deck_7bb3a7af",
    "isUserCreated": true,
    "createdAt": 1769272009,
    "updatedAt": 1769272009
  },
  {
    "id": "c4d2a25935cf4a2b",
    "term": "Diez",
    "meaning": "Ten",
    "pron": "dyehs",
    "group": "Numbers",
    "subgroup": "",
    "deckId": "deck_7bb3a7af",
    "isUserCreated": true,
    "createdAt": 1769272009,
    "updatedAt": 1769272009
  },
  {
    "id": "76655026606f4156",
    "term": "Once",
    "meaning": "Eleven",
    "pron": "ohn-seh",
    "group": "Numbers",
    "subgroup": "",
    "deckId": "deck_7bb3a7af",
    "isUserCreated": true,
    "createdAt": 1769272009,
    "updatedAt": 1769272009
  },
  {
    "id": "d69845680a124c30",
    "term": "Doce",
    "meaning": "Twelve",
    "pron": "doh-seh",
    "group": "Numbers",
    "subgroup": "",
    "deckId": "deck_7bb3a7af",
    "isUserCreated": true,
    "createdAt": 1769272009,
    "updatedAt": 1769272009
  },
  {
    "id": "113a4287cbaf4b5b",
    "term": "Treinta",
    "meaning": "Thirty",
    "pron": "treyn-tah",
    "group": "Numbers",
    "subgroup": "",
    "deckId": "deck_7bb3a7af",
    "isUserCreated": true,
    "createdAt": 1769272009,
    "updatedAt": 1769272009
  },
  {
    "id": "fab7617725c04127",
    "term": "Cincuenta",
    "meaning": "Fifty",
    "pron": "seen-kwen-tah",
    "group": "Numbers",
    "subgroup": "",
    "deckId": "deck_7bb3a7af",
    "isUserCreated": true,
    "createdAt": 1769272009,
    "updatedAt": 1769272009
  },
  {
    "id": "c892e559a7384f7d",
    "term": "Cien",
    "meaning": "Hundred",
    "pron": "syen",
    "group": "Numbers",
    "subgroup": "",
    "deckId": "deck_7bb3a7af",
    "isUserCreated": true,
    "createdAt": 1769272009,
    "updatedAt": 1769272009
  },
  {
    "id": "beff45cc0854483e",
    "term": "Mil",
    "meaning": "Thousand",
    "pron": "meel",
    "group": "Numbers",
    "subgroup": "",
    "deckId": "deck_7bb3a7af",
    "isUserCreated": true,
    "createdAt": 1769272010,
    "updatedAt": 1769272010
  },
  {
    "id": "4c3ce3d812c84f67",
    "term": "Calle",
    "meaning": "Street",
    "pron": "kah-yeh",
    "group": "Places",
    "subgroup": "",
    "deckId": "deck_7bb3a7af",
    "isUserCreated": true,
    "createdAt": 1769272010,
    "updatedAt": 1769272010
  },
  {
    "id": "90cdf9c575a3487d",
    "term": "Parque",
    "meaning": "Park",
    "pron": "par-keh",
    "group": "Places",
    "subgroup": "",
    "deckId": "deck_7bb3a7af",
    "isUserCreated": true,
    "createdAt": 1769272010,
    "updatedAt": 1769272010
  },
  {
    "id": "ea298334b09345c7",
    "term": "Tienda",
    "meaning": "Store",
    "pron": "tyen-dah",
    "group": "Places",
    "subgroup": "",
    "deckId": "deck_7bb3a7af",
    "isUserCreated": true,
    "createdAt": 1769272010,
    "updatedAt": 1769272010
  },
  {
    "id": "b4bee03af3684e54",
    "term": "Iglesia",
    "meaning": "Church",
    "pron": "ee-gleh-see-ah",
    "group": "Places",
    "subgroup": "",
    "deckId": "deck_7bb3a7af",
    "isUserCreated": true,
    "createdAt": 1769272010,
    "updatedAt": 1769272010
  },
  {
    "id": "0210cd696f2b420b",
    "term": "Montaña",
    "meaning": "Mountain",
    "pron": "mohn-tah-nyah",
    "group": "Places",
    "subgroup": "",
    "deckId": "deck_7bb3a7af",
    "isUserCreated": true,
    "createdAt": 1769272010,
    "updatedAt": 1769272010
  },
  {
    "id": "77773c040bb7487b",
    "term": "Río",
    "meaning": "River",
    "pron": "ree-oh",
    "group": "Places",
    "subgroup": "",
    "deckId": "deck_7bb3a7af",
    "isUserCreated": true,
    "createdAt": 1769272010,
    "updatedAt": 1769272010
  },
  {
    "id": "e32494e45bd948ab",
    "term": "Sol",
    "meaning": "Sun",
    "pron": "sohl",
    "group": "Nature",
    "subgroup": "",
    "deckId": "deck_7bb3a7af",
    "isUserCreated": true,
    "createdAt": 1769272010,
    "updatedAt": 1769272010
  },
  {
    "id": "589ca414307043ea",
    "term": "Luna",
    "meaning": "Moon",
    "pron": "loo-nah",
    "group": "Nature",
    "subgroup": "",
    "deckId": "deck_7bb3a7af",
    "isUserCreated": true,
    "createdAt": 1769272010,
    "updatedAt": 1769272010
  },
  {
    "id": "ddf1265a4639496b",
    "term": "Estrella",
    "meaning": "Star",
    "pron": "ehs-treh-yah",
    "group": "Nature",
    "subgroup": "",
    "deckId": "deck_7bb3a7af",
    "isUserCreated": true,
    "createdAt": 1769272010,
    "updatedAt": 1769272010
  },
  {
    "id": "bbbd993f38cd4af6",
    "term": "Cielo",
    "meaning": "Sky",
    "pron": "see-eh-loh",
    "group": "Nature",
    "subgroup": "",
    "deckId": "deck_7bb3a7af",
    "isUserCreated": true,
    "createdAt": 1769272010,
    "updatedAt": 1769272010
  },
  {
    "id": "40a59ab89920485d",
    "term": "Mar",
    "meaning": "Sea",
    "pron": "mahr",
    "group": "Nature",
    "subgroup": "",
    "deckId": "deck_7bb3a7af",
    "isUserCreated": true,
    "createdAt": 1769272010,
    "updatedAt": 1769272010
  },
  {
    "id": "52a9d264d02d4138",
    "term": "Flor",
    "meaning": "Flower",
    "pron": "flohr",
    "group": "Nature",
    "subgroup": "",
    "deckId": "deck_7bb3a7af",
    "isUserCreated": true,
    "createdAt": 1769272010,
    "updatedAt": 1769272010
  },
  {
    "id": "2d0f726460fa4009",
    "term": "Árbol",
    "meaning": "Tree",
    "pron": "ahr-bohl",
    "group": "Nature",
    "subgroup": "",
    "deckId": "deck_7bb3a7af",
    "isUserCreated": true,
    "createdAt": 1769272010,
    "updatedAt": 1769272010
  },
  {
    "id": "83511c00936f4c0c",
    "term": "Hoja",
    "meaning": "Leaf",
    "pron": "oh-hah",
    "group": "Nature",
    "subgroup": "",
    "deckId": "deck_7bb3a7af",
    "isUserCreated": true,
    "createdAt": 1769272010,
    "updatedAt": 1769272010
  },
  {
    "id": "84c56ed7a1444e0a",
    "term": "Campo",
    "meaning": "Field",
    "pron": "kahm-poh",
    "group": "Nature",
    "subgroup": "",
    "deckId": "deck_7bb3a7af",
    "isUserCreated": true,
    "createdAt": 1769272010,
    "updatedAt": 1769272010
  }
]