{
  "users": {
    "1cc70e61cd9e": {
      "username": "Sidscri",
      "password_hash": "scrypt:32768:8:1$ozmbP5fYqqYZU3bY$4ffa9fcd770ddcb0b892c1709577ad141e7227266eb756771865fe4baae46230a635c45e67e65d1673baa7ef9860317f74a166987986f9fc31189341d8d7ee09",
      "display_name": "Sidney Shelton",
      "created_at": "2026-01-06 09:36:27"
    },
    "94b9dd732eef": {
      "username": "John Smith",
      "password_hash": "scrypt:32768:8:1$OvI4dXxBwBuyzvST$cfeeed6b7a0ad760173742d37e7e8580018b49799c12e7bfaa707b3897aa90c22bd6d8605e36fb38199aa75f253db3c98416d7a9e9830fa8d9603bb56f4f5353",
      "display_name": "John Smith",
      "created_at": "2026-01-06 11:30:10"
    },
    "d58abe158e91": {
      "username": "Kaijenkins",
      "password_hash": "scrypt:32768:8:1$wuPv6WROIMXMNV1M$8975507a9c7c5bc8fb66bec7185ca14621520faf89eb2f94c73eb323826857968873ae527eb34dcf664e61af2ca70011cec04a6cfc08953e42aeaf51e90e06ad",
      "display_name": "Kailee",
      "created_at": "2026-01-06 19:12:56"
    },
    "0d881caa5ee8": {
      "username": "silas7458",
      "password_hash": "scrypt:32768:8:1$dYBk0ODp3sbjYRqW$9932397304401a259053e24e9983c8f6d37c15d4174ea43bfd018f46cf769a75cfcd7d7c9d27e918a2b6f1de6bf495111fcb39f9aac0dfaf4af99d92e60e6d3c",
      "display_name": "Silas",
      "created_at": "2026-01-08 16:35:49"
    },
    "54af05fa7c22": {
      "username": "Yes",
      "password_hash": "scrypt:32768:8:1$KtbXVE6zDchS07UV$c9252d26c968dccdc9b2377252d9e4316ce6539aac6c9419fb7dab263d72e6a1adeddcdb27b0a23b12655d99d7a08b69a31194c87b7f303268e22ac9ea0b5fab",
      "display_name": "Hudson Doran",
      "created_at": "2026-01-09 10:42:18"
    },
    "f6d6ac67ac9d": {
      "username": "Test",
      "password_hash": "pbkdf2:sha256:600000$O00as3HTAFZZCQ0R$f50f55db0c238baffcd2f01219d72007c5f2524eaa386c4b781d4cafc060cde1",
      "display_name": "test",
      "created_at": "2026-01-25 23:46:51"
    }
  }
}