{
  "__settings__": {
    "all": {
      "randomize": false,
      "link_randomize_study_tabs": false,
      "randomize_unlearned": false,
      "randomize_unsure": false,
      "randomize_learned_study": false,
      "show_group_label": false,
      "show_subgroup_label": false,
      "reverse_faces": false,
      "breakdown_apply_all_tabs": true,
      "breakdown_remove_all_tabs": false,
      "breakdown_remove_unlearned": false,
      "breakdown_remove_unsure": false,
      "breakdown_remove_learned_study": false,
      "show_definitions_all_list": true,
      "show_definitions_learned_list": true,
      "all_list_show_unlearned_unsure_buttons": true,
      "learned_list_show_relearn_unsure_buttons": false,
      "learned_list_show_group_label": false,
      "all_mode": "flat",
      "group_order": "alpha",
      "card_order": "json",
      "breakdown_ai_provider": "openai",
      "speech_rate": 1,
      "speech_voice": ""
    },
    "groups": {}
  },
  "88419a9e69042c12": {
    "status": "learned",
    "updated_at": "2026-01-05 21:56:06"
  },
  "935027a8797ce67e": {
    "status": "learned",
    "updated_at": "2026-01-05 21:56:06"
  },
  "7497a956b781b67d": {
    "status": "learned",
    "updated_at": "2026-01-05 21:56:07"
  },
  "3a788934c669e816": {
    "status": "learned",
    "updated_at": "2026-01-05 21:56:07"
  },
  "1c324435d2713154": {
    "status": "learned",
    "updated_at": "2026-01-05 21:56:08"
  },
  "277e21bb5f4b311a": {
    "status": "learned",
    "updated_at": "2026-01-05 21:56:08"
  },
  "225293b8e0ff790a": {
    "status": "learned",
    "updated_at": "2026-01-05 21:56:09"
  },
  "b8771015ea1fbfcc": {
    "status": "learned",
    "updated_at": "2026-01-05 21:56:09"
  },
  "ed7a86038084ef85": {
    "status": "learned",
    "updated_at": "2026-01-05 21:56:10"
  },
  "1101ec7e78c78247": {
    "status": "learned",
    "updated_at": "2026-01-05 21:56:10"
  },
  "1bde053fd73a559a": {
    "status": "learned",
    "updated_at": "2026-01-05 21:56:15"
  },
  "de85f8d53f98c66c": {
    "status": "learned",
    "updated_at": "2026-01-06 18:22:28"
  },
  "745064c1815cc78e": {
    "status": "unsure",
    "updated_at": "2026-01-05 21:56:27"
  },
  "8ac07750b48b0f35": {
    "status": "learned",
    "updated_at": "2026-01-05 21:56:29"
  },
  "71ced82e5e2bd602": {
    "status": "learned",
    "updated_at": "2026-01-05 21:56:30"
  },
  "5ec648c26d3ab19f": {
    "status": "learned",
    "updated_at": "2026-01-05 21:56:32"
  },
  "1ac2bf8de9f168a5": {
    "status": "unsure",
    "updated_at": "2026-01-05 21:56:33"
  },
  "c721cb154098accd": {
    "status": "unsure",
    "updated_at": "2026-01-05 21:56:36"
  },
  "76872f1fb094932d": {
    "status": "unsure",
    "updated_at": "2026-01-05 21:56:36"
  },
  "1750eca8e16561dc": {
    "status": "unsure",
    "updated_at": "2026-01-05 21:56:37"
  },
  "f5f0f42525e9542d": {
    "status": "unsure",
    "updated_at": "2026-01-05 21:56:38"
  },
  "b6405a8bc23691ae": {
    "status": "learned",
    "updated_at": "2026-01-05 21:56:39"
  },
  "6c13eb65950715e0": {
    "status": "learned",
    "updated_at": "2026-01-05 21:56:40"
  },
  "9189ddd17e5d429d": {
    "status": "learned",
    "updated_at": "2026-01-05 21:56:55"
  },
  "8364d85be4935424": {
    "status": "learned",
    "updated_at": "2026-01-05 21:57:38"
  },
  "1689ee4b783e3048": {
    "status": "learned",
    "updated_at": "2026-01-05 21:57:39"
  },
  "ef60a03c0da7417b": {
    "status": "learned",
    "updated_at": "2026-01-05 21:57:45"
  },
  "6b0cc9bcd7d876f1": {
    "status": "active",
    "updated_at": "2026-01-05 21:58:00"
  },
  "ac53458765001d4b": {
    "status": "unsure",
    "updated_at": "2026-01-05 21:58:15"
  },
  "534850042b25321f": {
    "status": "unsure",
    "updated_at": "2026-01-05 21:58:25"
  },
  "f434be51c15b93f0": {
    "status": "unsure",
    "updated_at": "2026-01-05 21:58:35"
  },
  "bfd7d02a12e4e6d4": {
    "status": "unsure",
    "updated_at": "2026-01-05 22:00:23"
  },
  "3f494924f2a38706": {
    "status": "unsure",
    "updated_at": "2026-01-05 22:00:39"
  },
  "36b0c1f785ce7f65": {
    "status": "unsure",
    "updated_at": "2026-01-05 22:00:40"
  },
  "1278c0a21310e9f6": {
    "status": "unsure",
    "updated_at": "2026-01-05 22:00:55"
  },
  "5fa98671708a49c5": {
    "status": "unsure",
    "updated_at": "2026-01-05 22:01:09"
  },
  "de456f6c2e5ea8bc": {
    "status": "learned",
    "updated_at": "2026-01-05 22:01:30"
  },
  "524eac384d3bb313": {
    "status": "learned",
    "updated_at": "2026-01-05 22:02:37"
  },
  "2153fd80eb8d4b8d": {
    "status": "unsure",
    "updated_at": "2026-01-05 22:02:58"
  },
  "1f54b232485bd93a": {
    "status": "unsure",
    "updated_at": "2026-01-06 21:41:17"
  },
  "eda87f64ab7476e5": {
    "status": "learned",
    "updated_at": 1768010580
  },
  "45f660474e76922d": {
    "status": "unsure",
    "updated_at": 1768010580
  },
  "4319dd3f17ca682b": {
    "status": "unsure",
    "updated_at": 1768010580
  },
  "173547f8c9923a28": {
    "status": "learned",
    "updated_at": 1768010580
  },
  "e7fbd6d77177704d": {
    "status": "learned",
    "updated_at": 1768010580
  },
  "4b36f4e5f2de925c": {
    "status": "learned",
    "updated_at": 1768010580
  },
  "75bd965462f8ce94": {
    "status": "learned",
    "updated_at": 1768010580
  },
  "a42370489ad20dcc": {
    "status": "unsure",
    "updated_at": 1768010580
  },
  "7946f05bace3565b": {
    "status": "unsure",
    "updated_at": 1768010580
  },
  "8234c14fbfe1b97f": {
    "status": "learned",
    "updated_at": 1768010580
  },
  "34aed872118f48d5": {
    "status": "learned",
    "updated_at": 1768010580
  },
  "f5fd258590db2133": {
    "status": "learned",
    "updated_at": 1768010580
  },
  "1c391489536f0abb": {
    "status": "unsure",
    "updated_at": 1768010580
  },
  "7d475192f6b6e03c": {
    "status": "learned",
    "updated_at": 1768010580
  },
  "19832ae53adcf2ec": {
    "status": "unsure",
    "updated_at": 1768010580
  },
  "797ab52bc26cd54a": {
    "status": "learned",
    "updated_at": 1768010580
  },
  "5df5228f0304dcde": {
    "status": "learned",
    "updated_at": 1768010580
  },
  "b8e1e90ef3bf4a0c": {
    "status": "learned",
    "updated_at": 1768010580
  },
  "8d1c9251a21dae69": {
    "status": "learned",
    "updated_at": 1768010580
  },
  "6e9d0d5864798145": {
    "status": "unsure",
    "updated_at": 1768010580
  },
  "285e43ee035cab40": {
    "status": "unsure",
    "updated_at": 1768010580
  },
  "bcfa5614589f054c": {
    "status": "learned",
    "updated_at": 1768010580
  },
  "b489c952bd0fa1d4": {
    "status": "unsure",
    "updated_at": 1768010580
  },
  "7d40923e373dc647": {
    "status": "unsure",
    "updated_at": 1768010580
  },
  "21e3dd28bfe7bba7": {
    "status": "learned",
    "updated_at": 1768010580
  },
  "ba20a65b141fc91e": {
    "status": "learned",
    "updated_at": 1768010580
  },
  "ef436de5cb7498a2": {
    "status": "learned",
    "updated_at": 1768010580
  },
  "0fdef4ec113961d1": {
    "status": "learned",
    "updated_at": 1768010580
  },
  "4a7cd94e81b2985f": {
    "status": "learned",
    "updated_at": 1768010580
  },
  "4d29823156085862": {
    "status": "learned",
    "updated_at": 1768010580
  },
  "3ff6597bcbd510dc": {
    "status": "unsure",
    "updated_at": 1768010580
  },
  "003e96f741730c67": {
    "status": "learned",
    "updated_at": 1768010580
  },
  "c7454230837a3949": {
    "status": "unsure",
    "updated_at": 1768010580
  },
  "c58fba60208661de": {
    "status": "learned",
    "updated_at": 1768010580
  },
  "086410b863549c5b": {
    "status": "unsure",
    "updated_at": 1768010580
  },
  "dd30618e24fe5fe6": {
    "status": "unsure",
    "updated_at": 1768010580
  },
  "65d15509ad069fc1": {
    "status": "learned",
    "updated_at": 1768010580
  },
  "b7f0062ddf87c1f5": {
    "status": "learned",
    "updated_at": 1768010580
  },
  "6897f7fd10576911": {
    "status": "learned",
    "updated_at": 1768010580
  },
  "8db316313aa4d866": {
    "status": "unsure",
    "updated_at": 1768010580
  },
  "02e2b36b601270ec": {
    "status": "unsure",
    "updated_at": 1768010580
  },
  "8985cb97fa995916": {
    "status": "unsure",
    "updated_at": 1768010580
  },
  "ce81e6f8e68d8fdd": {
    "status": "learned",
    "updated_at": 1768010580
  },
  "656a85f3f4d6bc1e": {
    "status": "learned",
    "updated_at": 1768010580
  },
  "fcde3a04465e5e2b": {
    "status": "learned",
    "updated_at": 1768010580
  },
  "5dbf27dd3ac1c125": {
    "status": "unsure",
    "updated_at": 1768010580
  },
  "3e5d546de6dc4597": {
    "status": "unsure",
    "updated_at": 1768010580
  },
  "2eda10294f477d03": {
    "status": "learned",
    "updated_at": 1768010580
  },
  "d5229518722ca252": {
    "status": "learned",
    "updated_at": 1768010580
  },
  "00e44e3f5e39b2af": {
    "status": "unsure",
    "updated_at": 1768010580
  },
  "901df86fd6c68b60": {
    "status": "unsure",
    "updated_at": 1768010580
  },
  "c0dcb076b3d754c3": {
    "status": "unsure",
    "updated_at": 1768010580
  },
  "b639fda69d25e801": {
    "status": "unsure",
    "updated_at": 1768010580
  },
  "7c92e9dfc6a5cf20": {
    "status": "learned",
    "updated_at": 1768010580
  },
  "d3b88c6542623b42": {
    "status": "unsure",
    "updated_at": 1768010580
  },
  "9da21f279fed94ff": {
    "status": "learned",
    "updated_at": 1768010580
  },
  "6800197ab8c978fa": {
    "status": "learned",
    "updated_at": 1768010580
  }
}