{
  "__settings__": {
    "all": {
      "randomize": false,
      "link_randomize_study_tabs": false,
      "randomize_unlearned": false,
      "randomize_unsure": false,
      "randomize_learned_study": false,
      "show_group_label": true,
      "show_subgroup_label": false,
      "reverse_faces": false,
      "breakdown_apply_all_tabs": true,
      "breakdown_remove_all_tabs": false,
      "breakdown_remove_unlearned": false,
      "breakdown_remove_unsure": false,
      "breakdown_remove_learned_study": false,
      "show_definitions_all_list": true,
      "show_definitions_learned_list": true,
      "all_list_show_unlearned_unsure_buttons": true,
      "learned_list_show_relearn_unsure_buttons": false,
      "learned_list_show_group_label": false,
      "all_mode": "flat",
      "group_order": "alpha",
      "card_order": "json",
      "breakdown_ai_provider": "openai",
      "speech_rate": 1,
      "speech_voice": "",
      "show_breakdown_on_definition": false,
      "auto_speak_on_card_change": true,
      "speak_definition_on_flip": true
    },
    "groups": {},
    "custom_set": [
      "f56fca7803410eec",
      "fe2fb19efc31fbf3",
      "12133d4687b44f14",
      "db4fca1ad62f88e1",
      "7560dd1bd1799718",
      "842d4de5fa1168f8",
      "51c709993587ad78",
      "6ca7648b8fbe21b0",
      "10022d13ea8d72bb",
      "fd0e7a7f91ff997a",
      "5ec0d2a43188c690"
    ],
    "custom_set_status": {}
  },
  "88419a9e69042c12": {
    "status": "learned",
    "updated_at": 1768203868
  },
  "935027a8797ce67e": {
    "status": "learned",
    "updated_at": 1768203868
  },
  "7497a956b781b67d": {
    "status": "learned",
    "updated_at": 1768203868
  },
  "3a788934c669e816": {
    "status": "learned",
    "updated_at": 1768203868
  },
  "1c324435d2713154": {
    "status": "learned",
    "updated_at": 1768203868
  },
  "277e21bb5f4b311a": {
    "status": "learned",
    "updated_at": 1768203868
  },
  "225293b8e0ff790a": {
    "status": "learned",
    "updated_at": 1768203868
  },
  "b8771015ea1fbfcc": {
    "status": "learned",
    "updated_at": 1768203868
  },
  "ed7a86038084ef85": {
    "status": "learned",
    "updated_at": 1768203868
  },
  "1101ec7e78c78247": {
    "status": "learned",
    "updated_at": 1768203868
  },
  "1bde053fd73a559a": {
    "status": "learned",
    "updated_at": 1768203868
  },
  "de85f8d53f98c66c": {
    "status": "learned",
    "updated_at": 1768203868
  },
  "745064c1815cc78e": {
    "status": "unsure",
    "updated_at": 1768203868
  },
  "8ac07750b48b0f35": {
    "status": "learned",
    "updated_at": 1768203868
  },
  "71ced82e5e2bd602": {
    "status": "learned",
    "updated_at": 1768203868
  },
  "5ec648c26d3ab19f": {
    "status": "learned",
    "updated_at": 1768203868
  },
  "1ac2bf8de9f168a5": {
    "status": "learned",
    "updated_at": 1768203868
  },
  "c721cb154098accd": {
    "status": "learned",
    "updated_at": 1768203868
  },
  "76872f1fb094932d": {
    "status": "learned",
    "updated_at": 1768203868
  },
  "1750eca8e16561dc": {
    "status": "learned",
    "updated_at": 1768203868
  },
  "f5f0f42525e9542d": {
    "status": "learned",
    "updated_at": 1768203868
  },
  "b6405a8bc23691ae": {
    "status": "learned",
    "updated_at": 1768203868
  },
  "6c13eb65950715e0": {
    "status": "learned",
    "updated_at": 1768203868
  },
  "9189ddd17e5d429d": {
    "status": "learned",
    "updated_at": 1768203868
  },
  "8364d85be4935424": {
    "status": "learned",
    "updated_at": 1768203868
  },
  "1689ee4b783e3048": {
    "status": "learned",
    "updated_at": 1768203868
  },
  "ef60a03c0da7417b": {
    "status": "learned",
    "updated_at": 1768203868
  },
  "6b0cc9bcd7d876f1": {
    "status": "learned",
    "updated_at": 1768203868
  },
  "ac53458765001d4b": {
    "status": "learned",
    "updated_at": 1768203868
  },
  "534850042b25321f": {
    "status": "learned",
    "updated_at": 1768203868
  },
  "f434be51c15b93f0": {
    "status": "learned",
    "updated_at": 1768203868
  },
  "bfd7d02a12e4e6d4": {
    "status": "learned",
    "updated_at": 1768203868
  },
  "3f494924f2a38706": {
    "status": "learned",
    "updated_at": 1768203868
  },
  "36b0c1f785ce7f65": {
    "status": "learned",
    "updated_at": 1768203868
  },
  "1278c0a21310e9f6": {
    "status": "learned",
    "updated_at": 1768203868
  },
  "5fa98671708a49c5": {
    "status": "learned",
    "updated_at": 1768203868
  },
  "de456f6c2e5ea8bc": {
    "status": "learned",
    "updated_at": 1768203868
  },
  "524eac384d3bb313": {
    "status": "learned",
    "updated_at": 1768203868
  },
  "2153fd80eb8d4b8d": {
    "status": "learned",
    "updated_at": 1768203868
  },
  "1f54b232485bd93a": {
    "status": "unsure",
    "updated_at": 1768203868
  },
  "eda87f64ab7476e5": {
    "status": "learned",
    "updated_at": 1768203868
  },
  "45f660474e76922d": {
    "status": "unsure",
    "updated_at": 1768203868
  },
  "4319dd3f17ca682b": {
    "status": "unsure",
    "updated_at": 1768203868
  },
  "173547f8c9923a28": {
    "status": "learned",
    "updated_at": 1768203868
  },
  "e7fbd6d77177704d": {
    "status": "learned",
    "updated_at": 1768203868
  },
  "4b36f4e5f2de925c": {
    "status": "learned",
    "updated_at": 1768203868
  },
  "75bd965462f8ce94": {
    "status": "learned",
    "updated_at": 1768203868
  },
  "a42370489ad20dcc": {
    "status": "unsure",
    "updated_at": 1768203868
  },
  "7946f05bace3565b": {
    "status": "unsure",
    "updated_at": 1768203868
  },
  "8234c14fbfe1b97f": {
    "status": "learned",
    "updated_at": 1768203868
  },
  "34aed872118f48d5": {
    "status": "learned",
    "updated_at": 1768203868
  },
  "f5fd258590db2133": {
    "status": "learned",
    "updated_at": 1768203868
  },
  "1c391489536f0abb": {
    "status": "unsure",
    "updated_at": 1768203868
  },
  "7d475192f6b6e03c": {
    "status": "learned",
    "updated_at": 1768203868
  },
  "19832ae53adcf2ec": {
    "status": "unsure",
    "updated_at": 1768203868
  },
  "797ab52bc26cd54a": {
    "status": "learned",
    "updated_at": 1768203868
  },
  "5df5228f0304dcde": {
    "status": "learned",
    "updated_at": 1768203868
  },
  "b8e1e90ef3bf4a0c": {
    "status": "learned",
    "updated_at": 1768203868
  },
  "8d1c9251a21dae69": {
    "status": "learned",
    "updated_at": 1768203868
  },
  "6e9d0d5864798145": {
    "status": "unsure",
    "updated_at": 1768203868
  },
  "285e43ee035cab40": {
    "status": "unsure",
    "updated_at": 1768203868
  },
  "bcfa5614589f054c": {
    "status": "learned",
    "updated_at": 1768203868
  },
  "b489c952bd0fa1d4": {
    "status": "unsure",
    "updated_at": 1768203868
  },
  "7d40923e373dc647": {
    "status": "unsure",
    "updated_at": 1768203868
  },
  "21e3dd28bfe7bba7": {
    "status": "learned",
    "updated_at": 1768203868
  },
  "ba20a65b141fc91e": {
    "status": "learned",
    "updated_at": 1768203868
  },
  "ef436de5cb7498a2": {
    "status": "learned",
    "updated_at": 1768203868
  },
  "0fdef4ec113961d1": {
    "status": "learned",
    "updated_at": 1768203868
  },
  "4a7cd94e81b2985f": {
    "status": "learned",
    "updated_at": 1768203868
  },
  "4d29823156085862": {
    "status": "learned",
    "updated_at": 1768203868
  },
  "3ff6597bcbd510dc": {
    "status": "unsure",
    "updated_at": 1768203868
  },
  "003e96f741730c67": {
    "status": "learned",
    "updated_at": 1768203868
  },
  "c7454230837a3949": {
    "status": "unsure",
    "updated_at": 1768203868
  },
  "c58fba60208661de": {
    "status": "learned",
    "updated_at": 1768203868
  },
  "086410b863549c5b": {
    "status": "unsure",
    "updated_at": 1768203868
  },
  "dd30618e24fe5fe6": {
    "status": "unsure",
    "updated_at": 1768203868
  },
  "65d15509ad069fc1": {
    "status": "learned",
    "updated_at": 1768203868
  },
  "b7f0062ddf87c1f5": {
    "status": "learned",
    "updated_at": 1768203868
  },
  "6897f7fd10576911": {
    "status": "learned",
    "updated_at": 1768203868
  },
  "8db316313aa4d866": {
    "status": "unsure",
    "updated_at": 1768203868
  },
  "02e2b36b601270ec": {
    "status": "unsure",
    "updated_at": 1768203868
  },
  "8985cb97fa995916": {
    "status": "unsure",
    "updated_at": 1768203868
  },
  "ce81e6f8e68d8fdd": {
    "status": "learned",
    "updated_at": 1768203868
  },
  "656a85f3f4d6bc1e": {
    "status": "learned",
    "updated_at": 1768203868
  },
  "fcde3a04465e5e2b": {
    "status": "learned",
    "updated_at": 1768203868
  },
  "5dbf27dd3ac1c125": {
    "status": "unsure",
    "updated_at": 1768203868
  },
  "3e5d546de6dc4597": {
    "status": "unsure",
    "updated_at": 1768203868
  },
  "2eda10294f477d03": {
    "status": "learned",
    "updated_at": 1768203868
  },
  "d5229518722ca252": {
    "status": "learned",
    "updated_at": 1768203868
  },
  "00e44e3f5e39b2af": {
    "status": "unsure",
    "updated_at": 1768203868
  },
  "901df86fd6c68b60": {
    "status": "unsure",
    "updated_at": 1768203868
  },
  "c0dcb076b3d754c3": {
    "status": "unsure",
    "updated_at": 1768203868
  },
  "b639fda69d25e801": {
    "status": "unsure",
    "updated_at": 1768203868
  },
  "7c92e9dfc6a5cf20": {
    "status": "learned",
    "updated_at": 1768203868
  },
  "d3b88c6542623b42": {
    "status": "unsure",
    "updated_at": 1768203868
  },
  "9da21f279fed94ff": {
    "status": "learned",
    "updated_at": 1768203868
  },
  "6800197ab8c978fa": {
    "status": "learned",
    "updated_at": 1768203868
  },
  "a5b849774d7f4459": {
    "status": "learned",
    "updated_at": 1768203868
  },
  "9cc94a39c2dddfcd": {
    "status": "learned",
    "updated_at": 1768203868
  },
  "adb3772e8a210866": {
    "status": "learned",
    "updated_at": 1768203868
  },
  "4bb13345ea9f5a15": {
    "status": "learned",
    "updated_at": 1768203868
  },
  "78655682e96f0bf2": {
    "status": "learned",
    "updated_at": 1768203868
  },
  "884fae3e24ea2697": {
    "status": "learned",
    "updated_at": 1768203868
  },
  "f126b44a16512d2a": {
    "status": "learned",
    "updated_at": 1768203868
  },
  "776b54380d2d5eb3": {
    "status": "learned",
    "updated_at": 1768203868
  },
  "b5177cca709356bb": {
    "status": "learned",
    "updated_at": 1768203868
  },
  "1625a8cd030fc0dd": {
    "status": "unsure",
    "updated_at": 1768113517
  },
  "f012b3c54c8b8bc6": {
    "status": "unsure",
    "updated_at": 1768203868
  },
  "3de707f53b16f6d0": {
    "status": "learned",
    "updated_at": 1768203868
  },
  "49d89b0f0183ff86": {
    "status": "learned",
    "updated_at": 1768203868
  },
  "1a123cb6e31d01f1": {
    "status": "unsure",
    "updated_at": 1768203868
  },
  "b71af08fdb894ff7": {
    "status": "unsure",
    "updated_at": 1768203868
  },
  "9d99e6f116132df2": {
    "status": "unsure",
    "updated_at": 1768183174
  },
  "bce3b1ca4cef25ee": {
    "status": "unsure",
    "updated_at": 1768203868
  },
  "a75f75bc7da2c0be": {
    "status": "unsure",
    "updated_at": 1768203868
  },
  "65d2d928917024ba": {
    "status": "unsure",
    "updated_at": 1768203868
  }
}