{
  "__settings__": {
    "all": {
      "randomize": false,
      "link_randomize_study_tabs": false,
      "randomize_unlearned": false,
      "randomize_unsure": false,
      "randomize_learned_study": false,
      "show_group_label": true,
      "show_subgroup_label": false,
      "reverse_faces": false,
      "breakdown_apply_all_tabs": true,
      "breakdown_remove_all_tabs": false,
      "breakdown_remove_unlearned": false,
      "breakdown_remove_unsure": false,
      "breakdown_remove_learned_study": false,
      "show_definitions_all_list": true,
      "show_definitions_learned_list": true,
      "all_list_show_unlearned_unsure_buttons": true,
      "learned_list_show_relearn_unsure_buttons": false,
      "learned_list_show_group_label": false,
      "all_mode": "flat",
      "group_order": "alpha",
      "card_order": "json",
      "breakdown_ai_provider": "openai",
      "speech_rate": 1,
      "speech_voice": "",
      "show_breakdown_on_definition": false,
      "auto_speak_on_card_change": true,
      "speak_definition_on_flip": true,
      "activeDeckId": "deck_7bb3a7af",
      "randomize_custom_set": false,
      "reflect_status_in_main": false
    },
    "groups": {},
    "custom_set": [
      "db4fca1ad62f88e1",
      "7560dd1bd1799718",
      "842d4de5fa1168f8",
      "51c709993587ad78",
      "6ca7648b8fbe21b0",
      "10022d13ea8d72bb",
      "fd0e7a7f91ff997a",
      "5ec0d2a43188c690",
      "fdde3ac4d15c4e2a"
    ],
    "custom_set_status": {},
    "activeDeckId": "kenpo"
  },
  "88419a9e69042c12": {
    "status": "learned",
    "updated_at": 1768203868
  },
  "935027a8797ce67e": {
    "status": "learned",
    "updated_at": 1768203868
  },
  "7497a956b781b67d": {
    "status": "learned",
    "updated_at": 1768203868
  },
  "3a788934c669e816": {
    "status": "learned",
    "updated_at": 1768203868
  },
  "1c324435d2713154": {
    "status": "learned",
    "updated_at": 1768203868
  },
  "277e21bb5f4b311a": {
    "status": "learned",
    "updated_at": 1768203868
  },
  "225293b8e0ff790a": {
    "status": "learned",
    "updated_at": 1768203868
  },
  "b8771015ea1fbfcc": {
    "status": "learned",
    "updated_at": 1768203868
  },
  "ed7a86038084ef85": {
    "status": "learned",
    "updated_at": 1768203868
  },
  "1101ec7e78c78247": {
    "status": "learned",
    "updated_at": 1768203868
  },
  "1bde053fd73a559a": {
    "status": "learned",
    "updated_at": 1768203868
  },
  "de85f8d53f98c66c": {
    "status": "learned",
    "updated_at": 1768203868
  },
  "745064c1815cc78e": {
    "status": "unsure",
    "updated_at": 1768203868
  },
  "8ac07750b48b0f35": {
    "status": "learned",
    "updated_at": 1768203868
  },
  "71ced82e5e2bd602": {
    "status": "learned",
    "updated_at": 1768203868
  },
  "5ec648c26d3ab19f": {
    "status": "learned",
    "updated_at": 1768203868
  },
  "1ac2bf8de9f168a5": {
    "status": "learned",
    "updated_at": 1768203868
  },
  "c721cb154098accd": {
    "status": "learned",
    "updated_at": 1768203868
  },
  "76872f1fb094932d": {
    "status": "learned",
    "updated_at": 1768203868
  },
  "1750eca8e16561dc": {
    "status": "learned",
    "updated_at": 1768203868
  },
  "f5f0f42525e9542d": {
    "status": "learned",
    "updated_at": 1768203868
  },
  "b6405a8bc23691ae": {
    "status": "learned",
    "updated_at": 1768203868
  },
  "6c13eb65950715e0": {
    "status": "learned",
    "updated_at": 1768203868
  },
  "9189ddd17e5d429d": {
    "status": "learned",
    "updated_at": 1768203868
  },
  "8364d85be4935424": {
    "status": "learned",
    "updated_at": 1768203868
  },
  "1689ee4b783e3048": {
    "status": "learned",
    "updated_at": 1768203868
  },
  "ef60a03c0da7417b": {
    "status": "learned",
    "updated_at": 1768203868
  },
  "6b0cc9bcd7d876f1": {
    "status": "learned",
    "updated_at": 1768203868
  },
  "ac53458765001d4b": {
    "status": "learned",
    "updated_at": 1768203868
  },
  "534850042b25321f": {
    "status": "learned",
    "updated_at": 1768203868
  },
  "f434be51c15b93f0": {
    "status": "learned",
    "updated_at": 1768203868
  },
  "bfd7d02a12e4e6d4": {
    "status": "learned",
    "updated_at": 1768203868
  },
  "3f494924f2a38706": {
    "status": "learned",
    "updated_at": 1768203868
  },
  "36b0c1f785ce7f65": {
    "status": "learned",
    "updated_at": 1768203868
  },
  "1278c0a21310e9f6": {
    "status": "learned",
    "updated_at": 1768203868
  },
  "5fa98671708a49c5": {
    "status": "learned",
    "updated_at": 1768203868
  },
  "de456f6c2e5ea8bc": {
    "status": "learned",
    "updated_at": 1768203868
  },
  "524eac384d3bb313": {
    "status": "learned",
    "updated_at": 1768203868
  },
  "2153fd80eb8d4b8d": {
    "status": "learned",
    "updated_at": 1768203868
  },
  "1f54b232485bd93a": {
    "status": "unsure",
    "updated_at": 1768203868
  },
  "eda87f64ab7476e5": {
    "status": "learned",
    "updated_at": 1768203868
  },
  "45f660474e76922d": {
    "status": "unsure",
    "updated_at": 1768203868
  },
  "4319dd3f17ca682b": {
    "status": "unsure",
    "updated_at": 1768203868
  },
  "173547f8c9923a28": {
    "status": "learned",
    "updated_at": 1768203868
  },
  "e7fbd6d77177704d": {
    "status": "learned",
    "updated_at": 1768203868
  },
  "4b36f4e5f2de925c": {
    "status": "learned",
    "updated_at": 1768203868
  },
  "75bd965462f8ce94": {
    "status": "learned",
    "updated_at": 1768203868
  },
  "a42370489ad20dcc": {
    "status": "unsure",
    "updated_at": 1768203868
  },
  "7946f05bace3565b": {
    "status": "unsure",
    "updated_at": 1768203868
  },
  "8234c14fbfe1b97f": {
    "status": "learned",
    "updated_at": 1768203868
  },
  "34aed872118f48d5": {
    "status": "learned",
    "updated_at": 1768203868
  },
  "f5fd258590db2133": {
    "status": "learned",
    "updated_at": 1768203868
  },
  "1c391489536f0abb": {
    "status": "unsure",
    "updated_at": 1768203868
  },
  "7d475192f6b6e03c": {
    "status": "learned",
    "updated_at": 1768203868
  },
  "19832ae53adcf2ec": {
    "status": "unsure",
    "updated_at": 1768203868
  },
  "797ab52bc26cd54a": {
    "status": "learned",
    "updated_at": 1768203868
  },
  "5df5228f0304dcde": {
    "status": "learned",
    "updated_at": 1768203868
  },
  "b8e1e90ef3bf4a0c": {
    "status": "learned",
    "updated_at": 1768203868
  },
  "8d1c9251a21dae69": {
    "status": "learned",
    "updated_at": 1768203868
  },
  "6e9d0d5864798145": {
    "status": "unsure",
    "updated_at": 1768203868
  },
  "285e43ee035cab40": {
    "status": "unsure",
    "updated_at": 1768203868
  },
  "bcfa5614589f054c": {
    "status": "learned",
    "updated_at": 1768203868
  },
  "b489c952bd0fa1d4": {
    "status": "unsure",
    "updated_at": 1768203868
  },
  "7d40923e373dc647": {
    "status": "unsure",
    "updated_at": 1768203868
  },
  "21e3dd28bfe7bba7": {
    "status": "learned",
    "updated_at": 1768203868
  },
  "ba20a65b141fc91e": {
    "status": "learned",
    "updated_at": 1768203868
  },
  "ef436de5cb7498a2": {
    "status": "learned",
    "updated_at": 1768203868
  },
  "0fdef4ec113961d1": {
    "status": "learned",
    "updated_at": 1768203868
  },
  "4a7cd94e81b2985f": {
    "status": "learned",
    "updated_at": 1768203868
  },
  "4d29823156085862": {
    "status": "learned",
    "updated_at": 1768203868
  },
  "3ff6597bcbd510dc": {
    "status": "unsure",
    "updated_at": 1768203868
  },
  "003e96f741730c67": {
    "status": "learned",
    "updated_at": 1768203868
  },
  "c7454230837a3949": {
    "status": "unsure",
    "updated_at": 1768203868
  },
  "c58fba60208661de": {
    "status": "learned",
    "updated_at": 1768203868
  },
  "086410b863549c5b": {
    "status": "unsure",
    "updated_at": 1768203868
  },
  "dd30618e24fe5fe6": {
    "status": "unsure",
    "updated_at": 1768203868
  },
  "65d15509ad069fc1": {
    "status": "learned",
    "updated_at": 1768203868
  },
  "b7f0062ddf87c1f5": {
    "status": "learned",
    "updated_at": 1768203868
  },
  "6897f7fd10576911": {
    "status": "learned",
    "updated_at": 1768203868
  },
  "8db316313aa4d866": {
    "status": "unsure",
    "updated_at": 1768203868
  },
  "02e2b36b601270ec": {
    "status": "unsure",
    "updated_at": 1768203868
  },
  "8985cb97fa995916": {
    "status": "unsure",
    "updated_at": 1768203868
  },
  "ce81e6f8e68d8fdd": {
    "status": "learned",
    "updated_at": 1768203868
  },
  "656a85f3f4d6bc1e": {
    "status": "learned",
    "updated_at": 1768203868
  },
  "fcde3a04465e5e2b": {
    "status": "learned",
    "updated_at": 1768203868
  },
  "5dbf27dd3ac1c125": {
    "status": "unsure",
    "updated_at": 1768203868
  },
  "3e5d546de6dc4597": {
    "status": "unsure",
    "updated_at": 1768203868
  },
  "2eda10294f477d03": {
    "status": "learned",
    "updated_at": 1768203868
  },
  "d5229518722ca252": {
    "status": "learned",
    "updated_at": 1768203868
  },
  "00e44e3f5e39b2af": {
    "status": "unsure",
    "updated_at": 1768203868
  },
  "901df86fd6c68b60": {
    "status": "unsure",
    "updated_at": 1768203868
  },
  "c0dcb076b3d754c3": {
    "status": "unsure",
    "updated_at": 1768203868
  },
  "b639fda69d25e801": {
    "status": "unsure",
    "updated_at": 1768203868
  },
  "7c92e9dfc6a5cf20": {
    "status": "learned",
    "updated_at": 1768203868
  },
  "d3b88c6542623b42": {
    "status": "unsure",
    "updated_at": 1768203868
  },
  "9da21f279fed94ff": {
    "status": "learned",
    "updated_at": 1768203868
  },
  "6800197ab8c978fa": {
    "status": "learned",
    "updated_at": 1768203868
  },
  "a5b849774d7f4459": {
    "status": "learned",
    "updated_at": 1768203868
  },
  "9cc94a39c2dddfcd": {
    "status": "learned",
    "updated_at": 1768203868
  },
  "adb3772e8a210866": {
    "status": "learned",
    "updated_at": 1768203868
  },
  "4bb13345ea9f5a15": {
    "status": "learned",
    "updated_at": 1768203868
  },
  "78655682e96f0bf2": {
    "status": "learned",
    "updated_at": 1768203868
  },
  "884fae3e24ea2697": {
    "status": "learned",
    "updated_at": 1768203868
  },
  "f126b44a16512d2a": {
    "status": "learned",
    "updated_at": 1768203868
  },
  "776b54380d2d5eb3": {
    "status": "learned",
    "updated_at": 1768203868
  },
  "b5177cca709356bb": {
    "status": "learned",
    "updated_at": 1768203868
  },
  "1625a8cd030fc0dd": {
    "status": "unsure",
    "updated_at": 1768113517
  },
  "f012b3c54c8b8bc6": {
    "status": "unsure",
    "updated_at": 1768203868
  },
  "3de707f53b16f6d0": {
    "status": "learned",
    "updated_at": 1768203868
  },
  "49d89b0f0183ff86": {
    "status": "learned",
    "updated_at": 1768203868
  },
  "1a123cb6e31d01f1": {
    "status": "unsure",
    "updated_at": 1768203868
  },
  "b71af08fdb894ff7": {
    "status": "unsure",
    "updated_at": 1768203868
  },
  "9d99e6f116132df2": {
    "status": "unsure",
    "updated_at": 1768183174
  },
  "bce3b1ca4cef25ee": {
    "status": "unsure",
    "updated_at": 1768203868
  },
  "a75f75bc7da2c0be": {
    "status": "unsure",
    "updated_at": 1768203868
  },
  "65d2d928917024ba": {
    "status": "unsure",
    "updated_at": 1768203868
  },
  "211ee2b88b41416a": {
    "status": "learned",
    "updated_at": "2026-01-24 15:31:50"
  },
  "6dc4431ae5d6408b": {
    "status": "learned",
    "updated_at": "2026-01-24 15:31:52"
  },
  "bbdff4dd475947dc": {
    "status": "learned",
    "updated_at": "2026-01-24 15:31:54"
  },
  "559d6fd39dcd4b70": {
    "status": "learned",
    "updated_at": "2026-01-24 15:31:55"
  },
  "d21f5e5c0bd24159": {
    "status": "learned",
    "updated_at": "2026-01-24 15:31:56"
  },
  "67a9b366c4fc4a9a": {
    "status": "learned",
    "updated_at": "2026-01-24 15:31:57"
  },
  "bce6e439d12843c1": {
    "status": "learned",
    "updated_at": "2026-01-24 15:31:58"
  },
  "8430d5407c0a46df": {
    "status": "learned",
    "updated_at": "2026-01-24 15:32:02"
  },
  "51dc8749372b4479": {
    "status": "learned",
    "updated_at": "2026-01-24 15:32:03"
  },
  "455ecb48f2334832": {
    "status": "learned",
    "updated_at": "2026-01-24 15:32:07"
  },
  "ddd1e4278805455f": {
    "status": "learned",
    "updated_at": "2026-01-24 15:32:09"
  },
  "5b3517030af0492f": {
    "status": "learned",
    "updated_at": "2026-01-24 15:38:05"
  },
  "365e46ecf3e340bd": {
    "status": "learned",
    "updated_at": "2026-01-24 15:32:16"
  },
  "54d7213ef3c0438f": {
    "status": "learned",
    "updated_at": "2026-01-24 15:32:20"
  },
  "fdf650f641f34c00": {
    "status": "learned",
    "updated_at": "2026-01-24 15:32:23"
  },
  "55be85faabba4ae3": {
    "status": "learned",
    "updated_at": "2026-01-24 15:32:35"
  },
  "798649e1a65d4381": {
    "status": "learned",
    "updated_at": "2026-01-24 15:32:36"
  },
  "600dc8e493e747e1": {
    "status": "learned",
    "updated_at": "2026-01-24 15:32:37"
  },
  "fd32202d1b9d437b": {
    "status": "learned",
    "updated_at": "2026-01-24 15:32:38"
  },
  "f696adf12ce9495f": {
    "status": "learned",
    "updated_at": "2026-01-24 15:32:39"
  },
  "d0e5b09b86804125": {
    "status": "learned",
    "updated_at": "2026-01-24 15:32:40"
  },
  "7333f394d3ee4dc0": {
    "status": "learned",
    "updated_at": "2026-01-24 15:32:41"
  },
  "d25ec57df3ce47cb": {
    "status": "learned",
    "updated_at": "2026-01-24 15:32:42"
  },
  "46421c73f7154379": {
    "status": "learned",
    "updated_at": "2026-01-24 15:32:43"
  },
  "f764892afb934040": {
    "status": "learned",
    "updated_at": "2026-01-24 15:32:44"
  },
  "cbef4554ca9845be": {
    "status": "learned",
    "updated_at": "2026-01-24 15:33:10"
  },
  "96f57897fb574fe0": {
    "status": "learned",
    "updated_at": "2026-01-24 15:33:12"
  },
  "334fdf84109b4ae3": {
    "status": "learned",
    "updated_at": "2026-01-24 15:38:09"
  },
  "a50c9a18634f446c": {
    "status": "learned",
    "updated_at": "2026-01-24 15:38:10"
  },
  "79f1e9b86e264804": {
    "status": "learned",
    "updated_at": "2026-01-24 15:33:22"
  },
  "51eed491b1f64b7d": {
    "status": "learned",
    "updated_at": "2026-01-24 15:33:26"
  },
  "131003a0f4c844db": {
    "status": "learned",
    "updated_at": "2026-01-24 15:33:27"
  },
  "f6a2b47ecb9545a9": {
    "status": "learned",
    "updated_at": "2026-01-24 15:33:29"
  },
  "161aaa9cb2974e00": {
    "status": "learned",
    "updated_at": "2026-01-24 15:33:33"
  },
  "b29da819e51d47d8": {
    "status": "learned",
    "updated_at": "2026-01-24 15:33:34"
  },
  "c28664f9693b4b0a": {
    "status": "learned",
    "updated_at": "2026-01-24 15:33:35"
  },
  "5b7bbde6e219478e": {
    "status": "learned",
    "updated_at": "2026-01-24 15:33:36"
  },
  "f531ef23d7af482a": {
    "status": "unsure",
    "updated_at": "2026-01-24 15:33:41"
  },
  "ddf1608ef72b4e0c": {
    "status": "unsure",
    "updated_at": "2026-01-24 15:33:47"
  },
  "e9a8d53bb776400c": {
    "status": "learned",
    "updated_at": "2026-01-24 15:34:00"
  },
  "affc9ecee02241a4": {
    "status": "learned",
    "updated_at": "2026-01-24 15:34:10"
  },
  "cb90d2a11b084f9d": {
    "status": "learned",
    "updated_at": "2026-01-24 15:34:37"
  },
  "0f98d41a4007446b": {
    "status": "learned",
    "updated_at": "2026-01-24 15:34:46"
  },
  "eae200dd8c7d4a49": {
    "status": "learned",
    "updated_at": "2026-01-24 15:34:52"
  },
  "fb951b5450a34645": {
    "status": "learned",
    "updated_at": "2026-01-24 15:34:53"
  },
  "e5e97f0167a045f1": {
    "status": "learned",
    "updated_at": "2026-01-24 15:34:55"
  },
  "0abc831d731c4fae": {
    "status": "learned",
    "updated_at": "2026-01-24 15:35:04"
  },
  "16958db7b6654660": {
    "status": "learned",
    "updated_at": "2026-01-24 15:35:16"
  },
  "ff2086d52b314ab1": {
    "status": "learned",
    "updated_at": "2026-01-24 15:35:17"
  },
  "32e1512e7ca144c6": {
    "status": "learned",
    "updated_at": "2026-01-24 15:35:24"
  },
  "176a6426f21745bc": {
    "status": "learned",
    "updated_at": "2026-01-24 15:35:28"
  },
  "55662d054a2d4f78": {
    "status": "learned",
    "updated_at": "2026-01-24 15:35:36"
  },
  "21bebc1773f44ca5": {
    "status": "learned",
    "updated_at": "2026-01-24 15:35:40"
  },
  "09f3c3f20a114db8": {
    "status": "learned",
    "updated_at": "2026-01-24 15:35:42"
  },
  "9cc76b7b41104af5": {
    "status": "learned",
    "updated_at": "2026-01-24 15:35:43"
  },
  "f8806db2be9d422d": {
    "status": "learned",
    "updated_at": "2026-01-24 15:35:46"
  },
  "9f3825cdd7724f96": {
    "status": "learned",
    "updated_at": "2026-01-24 15:36:03"
  },
  "a497bf8cfcb24f2c": {
    "status": "learned",
    "updated_at": "2026-01-24 15:36:18"
  },
  "80394d1aa04c440f": {
    "status": "learned",
    "updated_at": "2026-01-24 15:36:19"
  },
  "abc2299b03ae4bfa": {
    "status": "learned",
    "updated_at": "2026-01-24 15:36:21"
  },
  "d775e965c4804606": {
    "status": "learned",
    "updated_at": "2026-01-24 15:36:21"
  },
  "c4d2a25935cf4a2b": {
    "status": "learned",
    "updated_at": "2026-01-24 15:36:24"
  },
  "76655026606f4156": {
    "status": "learned",
    "updated_at": "2026-01-24 15:36:26"
  },
  "d69845680a124c30": {
    "status": "learned",
    "updated_at": "2026-01-24 15:36:27"
  },
  "113a4287cbaf4b5b": {
    "status": "learned",
    "updated_at": "2026-01-24 15:36:32"
  },
  "c892e559a7384f7d": {
    "status": "learned",
    "updated_at": "2026-01-24 15:36:46"
  },
  "beff45cc0854483e": {
    "status": "learned",
    "updated_at": "2026-01-24 15:36:49"
  },
  "4c3ce3d812c84f67": {
    "status": "learned",
    "updated_at": "2026-01-24 15:36:56"
  },
  "ea298334b09345c7": {
    "status": "unsure",
    "updated_at": "2026-01-24 15:37:07"
  },
  "b4bee03af3684e54": {
    "status": "learned",
    "updated_at": "2026-01-24 15:37:11"
  },
  "0210cd696f2b420b": {
    "status": "learned",
    "updated_at": "2026-01-24 15:37:16"
  },
  "77773c040bb7487b": {
    "status": "learned",
    "updated_at": "2026-01-24 15:37:17"
  },
  "e32494e45bd948ab": {
    "status": "learned",
    "updated_at": "2026-01-24 15:37:20"
  },
  "589ca414307043ea": {
    "status": "learned",
    "updated_at": "2026-01-24 15:37:22"
  },
  "ddf1265a4639496b": {
    "status": "learned",
    "updated_at": "2026-01-24 15:37:25"
  },
  "bbbd993f38cd4af6": {
    "status": "unsure",
    "updated_at": "2026-01-24 15:37:29"
  },
  "40a59ab89920485d": {
    "status": "learned",
    "updated_at": "2026-01-24 15:37:32"
  },
  "52a9d264d02d4138": {
    "status": "learned",
    "updated_at": "2026-01-24 15:37:35"
  },
  "2d0f726460fa4009": {
    "status": "learned",
    "updated_at": "2026-01-24 15:37:39"
  }
}