[
  {
    "id": "kenpo",
    "name": "Kenpo Vocabulary",
    "description": "Korean martial arts terminology for Kenpo students",
    "isDefault": true,
    "isBuiltIn": true,
    "sourceFile": "kenpo_words.json",
    "cardCount": 88,
    "createdAt": 0,
    "updatedAt": 0
  },
  {
    "id": "deck_05dd5b27",
    "name": "Basic Spanish Words",
    "description": "Basic Spanish Words",
    "isDefault": false,
    "isBuiltIn": false,
    "sourceFile": null,
    "cardCount": 0,
    "createdAt": 1769242686,
    "updatedAt": 1769242686
  }
]